b1,b2,b3,b4,b5,b6,b7,col,row
-47.0,-61.0,-67.0,-52.0,-54.0,-60.0,-54.0,1,1
-47.0,-61.0,-67.0,-53.0,-54.0,-60.0,-53.0,1,1
-47.0,-61.0,-67.0,-53.0,-54.0,-56.0,-53.0,1,1
-47.0,-62.0,-66.0,-52.0,-52.0,-60.0,-53.0,1,1
-47.0,-61.0,-67.0,-53.0,-54.0,-61.0,-53.0,1,1
-48.0,-61.0,-67.0,-53.0,-53.0,-56.0,-53.0,1,1
-47.0,-62.0,-67.0,-53.0,-53.0,-58.0,-53.0,1,1
-47.0,-62.0,-67.0,-53.0,-56.0,-59.0,-53.0,1,1
-47.0,-61.0,-67.0,-54.0,-54.0,-59.0,-53.0,1,1
-47.0,-62.0,-68.0,-54.0,-53.0,-61.0,-53.0,1,1
-47.0,-62.0,-67.0,-53.0,-54.0,-60.0,-55.0,1,1
-48.0,-62.0,-67.0,-52.0,-54.0,-59.0,-53.0,1,1
-47.0,-62.0,-67.0,-54.0,-54.0,-59.0,-53.0,1,1
-47.0,-62.0,-66.0,-52.0,-54.0,-60.0,-53.0,1,1
-47.0,-61.0,-67.0,-55.0,-54.0,-58.0,-51.0,1,1
-48.0,-61.0,-66.0,-54.0,-54.0,-57.0,-52.0,1,1
-54.0,-59.0,-60.0,-50.0,-59.0,-62.0,-54.0,2,1
-55.0,-60.0,-60.0,-50.0,-58.0,-62.0,-57.0,2,1
-56.0,-61.0,-61.0,-50.0,-59.0,-62.0,-59.0,2,1
-56.0,-61.0,-61.0,-50.0,-62.0,-63.0,-59.0,2,1
-55.0,-61.0,-61.0,-50.0,-60.0,-62.0,-57.0,2,1
-54.0,-61.0,-61.0,-50.0,-61.0,-62.0,-54.0,2,1
-55.0,-60.0,-61.0,-50.0,-58.0,-62.0,-55.0,2,1
-55.0,-60.0,-59.0,-50.0,-58.0,-63.0,-55.0,2,1
-53.0,-60.0,-59.0,-50.0,-56.0,-62.0,-56.0,2,1
-55.0,-60.0,-62.0,-50.0,-60.0,-62.0,-53.0,2,1
-55.0,-60.0,-61.0,-50.0,-59.0,-62.0,-53.0,2,1
-55.0,-58.0,-58.0,-50.0,-59.0,-62.0,-54.0,2,1
-55.0,-60.0,-59.0,-50.0,-59.0,-62.0,-55.0,2,1
-56.0,-60.0,-59.0,-50.0,-59.0,-62.0,-53.0,2,1
-56.0,-60.0,-59.0,-50.0,-62.0,-62.0,-55.0,2,1
-56.0,-61.0,-59.0,-50.0,-56.0,-64.0,-55.0,2,1
-51.0,-57.0,-60.0,-52.0,-55.0,-54.0,-55.0,3,1
-49.0,-57.0,-60.0,-51.0,-55.0,-55.0,-55.0,3,1
-52.0,-56.0,-59.0,-51.0,-53.0,-56.0,-57.0,3,1
-52.0,-57.0,-60.0,-51.0,-54.0,-56.0,-57.0,3,1
-52.0,-57.0,-60.0,-51.0,-52.0,-56.0,-57.0,3,1
-52.0,-57.0,-60.0,-51.0,-54.0,-56.0,-57.0,3,1
-52.0,-57.0,-60.0,-51.0,-54.0,-56.0,-58.0,3,1
-52.0,-57.0,-61.0,-52.0,-54.0,-57.0,-58.0,3,1
-52.0,-57.0,-59.0,-51.0,-55.0,-54.0,-57.0,3,1
-52.0,-57.0,-60.0,-51.0,-55.0,-55.0,-58.0,3,1
-52.0,-56.0,-60.0,-52.0,-56.0,-56.0,-57.0,3,1
-50.0,-57.0,-60.0,-52.0,-52.0,-54.0,-57.0,3,1
-52.0,-55.0,-59.0,-51.0,-53.0,-56.0,-56.0,3,1
-50.0,-57.0,-61.0,-52.0,-55.0,-58.0,-58.0,3,1
-51.0,-57.0,-60.0,-51.0,-55.0,-56.0,-57.0,3,1
-52.0,-57.0,-61.0,-51.0,-54.0,-55.0,-58.0,3,1
-49.0,-56.0,-56.0,-55.0,-61.0,-58.0,-59.0,4,1
-49.0,-55.0,-61.0,-53.0,-61.0,-58.0,-60.0,4,1
-49.0,-56.0,-61.0,-52.0,-61.0,-58.0,-59.0,4,1
-49.0,-56.0,-59.0,-54.0,-61.0,-58.0,-58.0,4,1
-46.0,-56.0,-56.0,-52.0,-61.0,-58.0,-59.0,4,1
-48.0,-56.0,-56.0,-54.0,-60.0,-58.0,-59.0,4,1
-48.0,-56.0,-60.0,-53.0,-60.0,-58.0,-59.0,4,1
-48.0,-56.0,-58.0,-53.0,-60.0,-58.0,-59.0,4,1
-49.0,-56.0,-55.0,-55.0,-58.0,-58.0,-59.0,4,1
-49.0,-57.0,-60.0,-52.0,-61.0,-58.0,-59.0,4,1
-49.0,-56.0,-56.0,-52.0,-59.0,-58.0,-59.0,4,1
-49.0,-56.0,-53.0,-54.0,-61.0,-58.0,-56.0,4,1
-49.0,-56.0,-59.0,-54.0,-61.0,-58.0,-57.0,4,1
-48.0,-56.0,-57.0,-54.0,-60.0,-58.0,-58.0,4,1
-48.0,-55.0,-57.0,-54.0,-60.0,-58.0,-60.0,4,1
-48.0,-56.0,-56.0,-54.0,-60.0,-58.0,-59.0,4,1
-52.0,-54.0,-65.0,-53.0,-58.0,-59.0,-51.0,5,1
-51.0,-54.0,-65.0,-53.0,-57.0,-61.0,-51.0,5,1
-51.0,-54.0,-65.0,-53.0,-56.0,-59.0,-52.0,5,1
-51.0,-54.0,-65.0,-52.0,-56.0,-60.0,-52.0,5,1
-52.0,-54.0,-65.0,-54.0,-56.0,-59.0,-51.0,5,1
-52.0,-54.0,-65.0,-52.0,-57.0,-59.0,-50.0,5,1
-52.0,-54.0,-65.0,-54.0,-57.0,-57.0,-51.0,5,1
-52.0,-54.0,-65.0,-53.0,-57.0,-58.0,-51.0,5,1
-52.0,-54.0,-64.0,-52.0,-57.0,-59.0,-51.0,5,1
-52.0,-54.0,-65.0,-52.0,-56.0,-60.0,-51.0,5,1
-52.0,-55.0,-65.0,-53.0,-57.0,-58.0,-51.0,5,1
-50.0,-55.0,-65.0,-53.0,-56.0,-58.0,-50.0,5,1
-52.0,-54.0,-65.0,-54.0,-57.0,-60.0,-51.0,5,1
-52.0,-54.0,-65.0,-53.0,-56.0,-58.0,-52.0,5,1
-49.0,-54.0,-64.0,-52.0,-57.0,-59.0,-51.0,5,1
-52.0,-54.0,-64.0,-53.0,-57.0,-56.0,-52.0,5,1
-57.0,-51.0,-60.0,-51.0,-53.0,-57.0,-53.0,6,1
-57.0,-50.0,-60.0,-52.0,-53.0,-57.0,-53.0,6,1
-57.0,-52.0,-60.0,-52.0,-52.0,-58.0,-53.0,6,1
-57.0,-52.0,-60.0,-51.0,-53.0,-58.0,-51.0,6,1
-57.0,-52.0,-60.0,-51.0,-53.0,-59.0,-53.0,6,1
-57.0,-53.0,-59.0,-51.0,-53.0,-59.0,-53.0,6,1
-54.0,-52.0,-60.0,-53.0,-53.0,-59.0,-51.0,6,1
-57.0,-51.0,-60.0,-52.0,-53.0,-56.0,-51.0,6,1
-57.0,-51.0,-60.0,-51.0,-51.0,-56.0,-54.0,6,1
-56.0,-51.0,-60.0,-51.0,-50.0,-59.0,-53.0,6,1
-57.0,-53.0,-60.0,-51.0,-52.0,-58.0,-50.0,6,1
-57.0,-53.0,-60.0,-52.0,-53.0,-59.0,-52.0,6,1
-57.0,-52.0,-60.0,-52.0,-53.0,-59.0,-50.0,6,1
-57.0,-50.0,-59.0,-52.0,-51.0,-58.0,-51.0,6,1
-56.0,-52.0,-60.0,-52.0,-52.0,-60.0,-55.0,6,1
-55.0,-52.0,-61.0,-52.0,-51.0,-59.0,-53.0,6,1
-55.0,-53.0,-65.0,-56.0,-61.0,-64.0,-53.0,1,2
-55.0,-54.0,-65.0,-56.0,-61.0,-64.0,-53.0,1,2
-54.0,-52.0,-65.0,-57.0,-61.0,-64.0,-51.0,1,2
-57.0,-54.0,-64.0,-52.0,-61.0,-64.0,-53.0,1,2
-55.0,-50.0,-65.0,-52.0,-61.0,-65.0,-53.0,1,2
-57.0,-53.0,-65.0,-56.0,-61.0,-64.0,-54.0,1,2
-57.0,-52.0,-65.0,-51.0,-58.0,-65.0,-54.0,1,2
-56.0,-54.0,-65.0,-55.0,-61.0,-64.0,-53.0,1,2
-56.0,-51.0,-65.0,-51.0,-61.0,-64.0,-53.0,1,2
-57.0,-54.0,-65.0,-51.0,-59.0,-64.0,-54.0,1,2
-56.0,-52.0,-65.0,-51.0,-58.0,-65.0,-54.0,1,2
-54.0,-55.0,-65.0,-54.0,-60.0,-63.0,-53.0,1,2
-57.0,-53.0,-65.0,-55.0,-63.0,-65.0,-53.0,1,2
-57.0,-55.0,-65.0,-57.0,-62.0,-64.0,-54.0,1,2
-56.0,-51.0,-65.0,-52.0,-62.0,-64.0,-53.0,1,2
-54.0,-54.0,-65.0,-56.0,-60.0,-65.0,-52.0,1,2
-50.0,-55.0,-59.0,-56.0,-53.0,-70.0,-48.0,2,2
-49.0,-55.0,-60.0,-55.0,-53.0,-70.0,-48.0,2,2
-49.0,-54.0,-60.0,-55.0,-60.0,-70.0,-48.0,2,2
-48.0,-55.0,-61.0,-55.0,-60.0,-69.0,-48.0,2,2
-47.0,-55.0,-61.0,-55.0,-62.0,-70.0,-47.0,2,2
-50.0,-57.0,-62.0,-55.0,-60.0,-71.0,-47.0,2,2
-50.0,-57.0,-61.0,-54.0,-60.0,-71.0,-48.0,2,2
-50.0,-57.0,-61.0,-54.0,-60.0,-70.0,-50.0,2,2
-48.0,-57.0,-61.0,-55.0,-57.0,-71.0,-48.0,2,2
-50.0,-57.0,-61.0,-55.0,-63.0,-70.0,-48.0,2,2
-49.0,-58.0,-61.0,-56.0,-59.0,-70.0,-48.0,2,2
-50.0,-56.0,-61.0,-55.0,-61.0,-70.0,-48.0,2,2
-49.0,-58.0,-61.0,-54.0,-60.0,-70.0,-48.0,2,2
-51.0,-58.0,-61.0,-53.0,-60.0,-68.0,-48.0,2,2
-51.0,-57.0,-61.0,-53.0,-53.0,-68.0,-48.0,2,2
-49.0,-54.0,-61.0,-53.0,-53.0,-70.0,-48.0,2,2
-54.0,-62.0,-61.0,-53.0,-53.0,-55.0,-49.0,4,2
-53.0,-59.0,-61.0,-56.0,-53.0,-58.0,-48.0,4,2
-53.0,-59.0,-58.0,-56.0,-53.0,-58.0,-48.0,4,2
-54.0,-59.0,-58.0,-54.0,-53.0,-58.0,-49.0,4,2
-53.0,-60.0,-61.0,-52.0,-53.0,-59.0,-48.0,4,2
-53.0,-60.0,-58.0,-56.0,-53.0,-58.0,-46.0,4,2
-53.0,-59.0,-61.0,-53.0,-54.0,-58.0,-48.0,4,2
-53.0,-59.0,-59.0,-53.0,-53.0,-58.0,-48.0,4,2
-53.0,-59.0,-61.0,-54.0,-53.0,-58.0,-48.0,4,2
-53.0,-60.0,-61.0,-53.0,-53.0,-58.0,-46.0,4,2
-54.0,-59.0,-61.0,-53.0,-53.0,-57.0,-47.0,4,2
-54.0,-59.0,-61.0,-56.0,-53.0,-57.0,-49.0,4,2
-53.0,-60.0,-60.0,-54.0,-52.0,-57.0,-47.0,4,2
-54.0,-59.0,-60.0,-53.0,-53.0,-58.0,-47.0,4,2
-54.0,-58.0,-60.0,-53.0,-53.0,-58.0,-48.0,4,2
-53.0,-59.0,-61.0,-56.0,-53.0,-57.0,-47.0,4,2
-51.0,-59.0,-67.0,-57.0,-53.0,-61.0,-50.0,5,2
-52.0,-59.0,-66.0,-57.0,-54.0,-61.0,-50.0,5,2
-51.0,-59.0,-66.0,-57.0,-54.0,-60.0,-50.0,5,2
-50.0,-59.0,-65.0,-58.0,-55.0,-61.0,-49.0,5,2
-52.0,-58.0,-66.0,-57.0,-53.0,-60.0,-50.0,5,2
-51.0,-59.0,-65.0,-55.0,-53.0,-61.0,-48.0,5,2
-51.0,-58.0,-66.0,-58.0,-53.0,-60.0,-50.0,5,2
-52.0,-58.0,-65.0,-58.0,-53.0,-61.0,-48.0,5,2
-51.0,-59.0,-66.0,-58.0,-56.0,-61.0,-49.0,5,2
-51.0,-61.0,-65.0,-56.0,-54.0,-61.0,-50.0,5,2
-50.0,-60.0,-67.0,-57.0,-55.0,-61.0,-48.0,5,2
-51.0,-58.0,-65.0,-57.0,-54.0,-62.0,-48.0,5,2
-51.0,-58.0,-65.0,-57.0,-53.0,-61.0,-50.0,5,2
-51.0,-58.0,-65.0,-59.0,-51.0,-61.0,-50.0,5,2
-51.0,-59.0,-65.0,-58.0,-54.0,-61.0,-50.0,5,2
-51.0,-59.0,-66.0,-56.0,-52.0,-61.0,-48.0,5,2
-56.0,-57.0,-53.0,-52.0,-55.0,-67.0,-53.0,6,2
-55.0,-58.0,-54.0,-52.0,-55.0,-56.0,-52.0,6,2
-57.0,-58.0,-53.0,-52.0,-55.0,-65.0,-53.0,6,2
-57.0,-58.0,-54.0,-51.0,-55.0,-59.0,-50.0,6,2
-56.0,-57.0,-54.0,-53.0,-56.0,-64.0,-52.0,6,2
-57.0,-57.0,-53.0,-52.0,-56.0,-66.0,-51.0,6,2
-56.0,-58.0,-53.0,-52.0,-55.0,-56.0,-52.0,6,2
-57.0,-58.0,-53.0,-53.0,-55.0,-64.0,-52.0,6,2
-56.0,-58.0,-53.0,-53.0,-56.0,-56.0,-53.0,6,2
-56.0,-58.0,-52.0,-52.0,-53.0,-65.0,-52.0,6,2
-56.0,-58.0,-53.0,-52.0,-56.0,-65.0,-53.0,6,2
-54.0,-57.0,-54.0,-52.0,-55.0,-64.0,-52.0,6,2
-54.0,-57.0,-53.0,-52.0,-55.0,-64.0,-53.0,6,2
-56.0,-58.0,-53.0,-50.0,-55.0,-64.0,-50.0,6,2
-57.0,-58.0,-53.0,-52.0,-55.0,-56.0,-53.0,6,2
-56.0,-58.0,-54.0,-53.0,-56.0,-64.0,-53.0,6,2
-54.0,-57.0,-65.0,-57.0,-57.0,-61.0,-47.0,1,3
-55.0,-57.0,-65.0,-55.0,-58.0,-62.0,-46.0,1,3
-53.0,-57.0,-66.0,-55.0,-59.0,-62.0,-46.0,1,3
-54.0,-58.0,-66.0,-54.0,-58.0,-62.0,-45.0,1,3
-52.0,-57.0,-66.0,-55.0,-57.0,-62.0,-46.0,1,3
-53.0,-57.0,-66.0,-54.0,-57.0,-61.0,-46.0,1,3
-55.0,-58.0,-67.0,-56.0,-58.0,-63.0,-46.0,1,3
-53.0,-58.0,-66.0,-56.0,-58.0,-62.0,-46.0,1,3
-55.0,-57.0,-66.0,-56.0,-58.0,-62.0,-45.0,1,3
-55.0,-58.0,-66.0,-56.0,-60.0,-62.0,-46.0,1,3
-52.0,-57.0,-67.0,-56.0,-60.0,-62.0,-47.0,1,3
-54.0,-57.0,-66.0,-56.0,-58.0,-62.0,-46.0,1,3
-55.0,-58.0,-67.0,-55.0,-58.0,-59.0,-46.0,1,3
-52.0,-58.0,-67.0,-54.0,-56.0,-61.0,-46.0,1,3
-53.0,-58.0,-67.0,-56.0,-58.0,-62.0,-46.0,1,3
-53.0,-58.0,-66.0,-56.0,-58.0,-63.0,-46.0,1,3
-53.0,-54.0,-58.0,-58.0,-54.0,-67.0,-49.0,2,3
-54.0,-54.0,-55.0,-60.0,-53.0,-68.0,-49.0,2,3
-54.0,-54.0,-57.0,-58.0,-53.0,-68.0,-49.0,2,3
-54.0,-54.0,-56.0,-58.0,-53.0,-67.0,-49.0,2,3
-54.0,-55.0,-57.0,-58.0,-53.0,-67.0,-49.0,2,3
-54.0,-54.0,-57.0,-59.0,-54.0,-67.0,-46.0,2,3
-54.0,-55.0,-55.0,-58.0,-54.0,-69.0,-49.0,2,3
-55.0,-53.0,-58.0,-56.0,-53.0,-68.0,-51.0,2,3
-54.0,-54.0,-55.0,-58.0,-52.0,-68.0,-48.0,2,3
-54.0,-54.0,-57.0,-56.0,-53.0,-68.0,-49.0,2,3
-54.0,-54.0,-56.0,-58.0,-55.0,-69.0,-49.0,2,3
-54.0,-54.0,-58.0,-58.0,-53.0,-69.0,-48.0,2,3
-54.0,-54.0,-57.0,-61.0,-53.0,-67.0,-47.0,2,3
-54.0,-54.0,-58.0,-59.0,-54.0,-68.0,-49.0,2,3
-54.0,-54.0,-57.0,-60.0,-54.0,-67.0,-49.0,2,3
-54.0,-54.0,-57.0,-59.0,-53.0,-69.0,-47.0,2,3
-56.0,-52.0,-65.0,-56.0,-58.0,-63.0,-51.0,4,3
-55.0,-53.0,-65.0,-56.0,-55.0,-63.0,-52.0,4,3
-56.0,-54.0,-65.0,-56.0,-55.0,-62.0,-51.0,4,3
-56.0,-53.0,-64.0,-54.0,-55.0,-60.0,-51.0,4,3
-56.0,-52.0,-65.0,-56.0,-55.0,-63.0,-51.0,4,3
-56.0,-53.0,-64.0,-55.0,-55.0,-63.0,-51.0,4,3
-56.0,-55.0,-65.0,-54.0,-55.0,-60.0,-51.0,4,3
-56.0,-54.0,-65.0,-56.0,-55.0,-63.0,-51.0,4,3
-56.0,-53.0,-65.0,-56.0,-55.0,-58.0,-51.0,4,3
-56.0,-51.0,-65.0,-56.0,-56.0,-63.0,-51.0,4,3
-56.0,-55.0,-65.0,-55.0,-54.0,-59.0,-51.0,4,3
-56.0,-52.0,-63.0,-56.0,-55.0,-63.0,-50.0,4,3
-57.0,-55.0,-65.0,-56.0,-55.0,-62.0,-51.0,4,3
-56.0,-53.0,-65.0,-56.0,-55.0,-62.0,-51.0,4,3
-56.0,-55.0,-65.0,-56.0,-57.0,-63.0,-51.0,4,3
-56.0,-53.0,-64.0,-56.0,-58.0,-63.0,-51.0,4,3
-56.0,-56.0,-65.0,-53.0,-55.0,-60.0,-48.0,5,3
-56.0,-58.0,-66.0,-53.0,-55.0,-60.0,-51.0,5,3
-57.0,-59.0,-65.0,-53.0,-56.0,-61.0,-52.0,5,3
-56.0,-57.0,-65.0,-54.0,-52.0,-60.0,-53.0,5,3
-56.0,-57.0,-66.0,-55.0,-53.0,-57.0,-53.0,5,3
-57.0,-58.0,-65.0,-54.0,-56.0,-58.0,-53.0,5,3
-57.0,-57.0,-65.0,-53.0,-55.0,-60.0,-54.0,5,3
-56.0,-59.0,-65.0,-53.0,-54.0,-60.0,-52.0,5,3
-57.0,-58.0,-65.0,-55.0,-54.0,-57.0,-54.0,5,3
-56.0,-58.0,-65.0,-54.0,-54.0,-57.0,-51.0,5,3
-57.0,-58.0,-65.0,-54.0,-53.0,-58.0,-55.0,5,3
-56.0,-58.0,-65.0,-54.0,-54.0,-61.0,-53.0,5,3
-56.0,-58.0,-65.0,-53.0,-55.0,-58.0,-53.0,5,3
-56.0,-57.0,-65.0,-54.0,-57.0,-60.0,-51.0,5,3
-55.0,-58.0,-66.0,-53.0,-54.0,-60.0,-52.0,5,3
-56.0,-58.0,-65.0,-53.0,-54.0,-60.0,-51.0,5,3
-53.0,-55.0,-60.0,-51.0,-58.0,-66.0,-52.0,6,3
-52.0,-54.0,-58.0,-48.0,-59.0,-66.0,-51.0,6,3
-53.0,-56.0,-57.0,-50.0,-63.0,-66.0,-51.0,6,3
-52.0,-56.0,-62.0,-50.0,-61.0,-66.0,-52.0,6,3
-52.0,-56.0,-60.0,-49.0,-62.0,-66.0,-52.0,6,3
-51.0,-57.0,-60.0,-49.0,-60.0,-66.0,-51.0,6,3
-52.0,-56.0,-59.0,-49.0,-61.0,-66.0,-52.0,6,3
-53.0,-56.0,-56.0,-48.0,-60.0,-66.0,-52.0,6,3
-52.0,-56.0,-58.0,-49.0,-60.0,-66.0,-51.0,6,3
-53.0,-56.0,-62.0,-48.0,-61.0,-66.0,-52.0,6,3
-53.0,-56.0,-62.0,-49.0,-61.0,-66.0,-52.0,6,3
-53.0,-56.0,-61.0,-50.0,-61.0,-67.0,-52.0,6,3
-53.0,-56.0,-61.0,-50.0,-59.0,-67.0,-52.0,6,3
-52.0,-56.0,-62.0,-49.0,-58.0,-66.0,-52.0,6,3
-53.0,-56.0,-61.0,-49.0,-61.0,-67.0,-51.0,6,3
-51.0,-56.0,-61.0,-49.0,-61.0,-66.0,-51.0,6,3
-61.0,-54.0,-63.0,-60.0,-59.0,-69.0,-47.0,1,4
-61.0,-52.0,-62.0,-62.0,-58.0,-60.0,-48.0,1,4
-60.0,-52.0,-63.0,-63.0,-60.0,-67.0,-49.0,1,4
-58.0,-52.0,-62.0,-62.0,-61.0,-66.0,-47.0,1,4
-61.0,-51.0,-64.0,-65.0,-61.0,-66.0,-46.0,1,4
-60.0,-52.0,-63.0,-62.0,-60.0,-68.0,-47.0,1,4
-58.0,-52.0,-62.0,-63.0,-58.0,-67.0,-47.0,1,4
-61.0,-51.0,-62.0,-63.0,-61.0,-65.0,-47.0,1,4
-58.0,-52.0,-62.0,-62.0,-57.0,-65.0,-46.0,1,4
-61.0,-52.0,-64.0,-62.0,-60.0,-61.0,-47.0,1,4
-60.0,-52.0,-63.0,-62.0,-61.0,-67.0,-47.0,1,4
-61.0,-52.0,-63.0,-62.0,-59.0,-67.0,-47.0,1,4
-58.0,-51.0,-64.0,-62.0,-61.0,-67.0,-46.0,1,4
-58.0,-51.0,-62.0,-64.0,-61.0,-66.0,-47.0,1,4
-58.0,-52.0,-63.0,-62.0,-61.0,-66.0,-47.0,1,4
-61.0,-52.0,-63.0,-62.0,-60.0,-67.0,-47.0,1,4
-60.0,-56.0,-62.0,-51.0,-55.0,-52.0,-48.0,2,4
-59.0,-57.0,-61.0,-51.0,-59.0,-51.0,-48.0,2,4
-60.0,-57.0,-61.0,-50.0,-58.0,-55.0,-49.0,2,4
-60.0,-56.0,-62.0,-51.0,-58.0,-52.0,-47.0,2,4
-59.0,-57.0,-62.0,-51.0,-58.0,-50.0,-48.0,2,4
-60.0,-58.0,-60.0,-52.0,-57.0,-51.0,-49.0,2,4
-60.0,-57.0,-61.0,-52.0,-57.0,-56.0,-49.0,2,4
-60.0,-58.0,-61.0,-50.0,-58.0,-52.0,-47.0,2,4
-59.0,-57.0,-61.0,-51.0,-58.0,-53.0,-48.0,2,4
-60.0,-58.0,-62.0,-52.0,-58.0,-53.0,-49.0,2,4
-60.0,-57.0,-62.0,-51.0,-57.0,-56.0,-48.0,2,4
-60.0,-57.0,-62.0,-49.0,-58.0,-55.0,-49.0,2,4
-61.0,-57.0,-62.0,-52.0,-55.0,-51.0,-48.0,2,4
-61.0,-57.0,-61.0,-52.0,-56.0,-52.0,-48.0,2,4
-60.0,-57.0,-59.0,-51.0,-56.0,-52.0,-48.0,2,4
-59.0,-57.0,-61.0,-52.0,-58.0,-52.0,-49.0,2,4
-50.0,-57.0,-68.0,-56.0,-54.0,-63.0,-35.0,3,4
-49.0,-57.0,-66.0,-55.0,-54.0,-63.0,-36.0,3,4
-50.0,-57.0,-65.0,-54.0,-55.0,-63.0,-35.0,3,4
-47.0,-57.0,-68.0,-49.0,-56.0,-63.0,-35.0,3,4
-50.0,-56.0,-68.0,-55.0,-56.0,-63.0,-38.0,3,4
-50.0,-56.0,-68.0,-54.0,-55.0,-64.0,-35.0,3,4
-50.0,-58.0,-68.0,-54.0,-55.0,-63.0,-35.0,3,4
-50.0,-57.0,-68.0,-49.0,-55.0,-62.0,-35.0,3,4
-50.0,-57.0,-66.0,-49.0,-55.0,-62.0,-35.0,3,4
-47.0,-57.0,-67.0,-49.0,-54.0,-63.0,-37.0,3,4
-49.0,-59.0,-67.0,-50.0,-56.0,-64.0,-35.0,3,4
-50.0,-58.0,-67.0,-54.0,-56.0,-65.0,-34.0,3,4
-50.0,-58.0,-65.0,-49.0,-54.0,-61.0,-38.0,3,4
-47.0,-58.0,-66.0,-54.0,-55.0,-62.0,-36.0,3,4
-49.0,-57.0,-66.0,-49.0,-55.0,-62.0,-35.0,3,4
-50.0,-57.0,-68.0,-53.0,-57.0,-64.0,-35.0,3,4
-52.0,-57.0,-53.0,-57.0,-54.0,-63.0,-57.0,4,4
-52.0,-56.0,-52.0,-54.0,-51.0,-63.0,-57.0,4,4
-50.0,-56.0,-53.0,-54.0,-54.0,-64.0,-57.0,4,4
-52.0,-56.0,-54.0,-52.0,-54.0,-64.0,-58.0,4,4
-51.0,-56.0,-53.0,-54.0,-54.0,-62.0,-57.0,4,4
-52.0,-56.0,-53.0,-54.0,-54.0,-65.0,-57.0,4,4
-52.0,-56.0,-53.0,-54.0,-54.0,-65.0,-57.0,4,4
-51.0,-56.0,-51.0,-54.0,-54.0,-63.0,-57.0,4,4
-52.0,-57.0,-53.0,-56.0,-53.0,-64.0,-57.0,4,4
-51.0,-56.0,-53.0,-52.0,-53.0,-64.0,-57.0,4,4
-52.0,-56.0,-53.0,-55.0,-54.0,-64.0,-58.0,4,4
-51.0,-56.0,-53.0,-55.0,-53.0,-63.0,-57.0,4,4
-51.0,-56.0,-54.0,-54.0,-53.0,-65.0,-57.0,4,4
-50.0,-56.0,-55.0,-54.0,-52.0,-64.0,-57.0,4,4
-52.0,-56.0,-54.0,-54.0,-53.0,-63.0,-57.0,4,4
-52.0,-56.0,-54.0,-54.0,-52.0,-64.0,-57.0,4,4
-49.0,-56.0,-68.0,-52.0,-60.0,-61.0,-53.0,5,4
-48.0,-54.0,-67.0,-51.0,-60.0,-58.0,-53.0,5,4
-49.0,-54.0,-67.0,-52.0,-60.0,-59.0,-52.0,5,4
-48.0,-54.0,-67.0,-52.0,-61.0,-59.0,-53.0,5,4
-49.0,-55.0,-66.0,-51.0,-61.0,-59.0,-52.0,5,4
-50.0,-54.0,-67.0,-51.0,-61.0,-60.0,-52.0,5,4
-47.0,-54.0,-67.0,-52.0,-60.0,-60.0,-52.0,5,4
-49.0,-55.0,-67.0,-51.0,-60.0,-59.0,-53.0,5,4
-50.0,-55.0,-67.0,-51.0,-61.0,-58.0,-52.0,5,4
-50.0,-55.0,-67.0,-52.0,-60.0,-59.0,-53.0,5,4
-50.0,-54.0,-68.0,-52.0,-60.0,-59.0,-53.0,5,4
-50.0,-55.0,-68.0,-51.0,-58.0,-59.0,-53.0,5,4
-49.0,-55.0,-68.0,-51.0,-60.0,-60.0,-53.0,5,4
-49.0,-55.0,-67.0,-51.0,-60.0,-59.0,-52.0,5,4
-49.0,-55.0,-67.0,-51.0,-60.0,-60.0,-53.0,5,4
-50.0,-54.0,-68.0,-51.0,-61.0,-61.0,-52.0,5,4
-61.0,-58.0,-60.0,-55.0,-57.0,-62.0,-46.0,6,4
-61.0,-57.0,-63.0,-60.0,-55.0,-57.0,-48.0,6,4
-62.0,-59.0,-62.0,-60.0,-53.0,-62.0,-47.0,6,4
-62.0,-59.0,-62.0,-56.0,-55.0,-62.0,-49.0,6,4
-63.0,-59.0,-62.0,-55.0,-57.0,-63.0,-50.0,6,4
-62.0,-59.0,-64.0,-61.0,-54.0,-62.0,-48.0,6,4
-62.0,-59.0,-63.0,-56.0,-53.0,-62.0,-48.0,6,4
-62.0,-59.0,-65.0,-61.0,-56.0,-61.0,-48.0,6,4
-63.0,-60.0,-65.0,-58.0,-54.0,-63.0,-47.0,6,4
-62.0,-60.0,-60.0,-58.0,-54.0,-62.0,-47.0,6,4
-62.0,-60.0,-63.0,-55.0,-55.0,-62.0,-50.0,6,4
-61.0,-59.0,-62.0,-59.0,-55.0,-56.0,-46.0,6,4
-62.0,-59.0,-60.0,-59.0,-54.0,-56.0,-48.0,6,4
-62.0,-58.0,-63.0,-57.0,-54.0,-56.0,-48.0,6,4
-63.0,-60.0,-62.0,-59.0,-55.0,-56.0,-49.0,6,4
-62.0,-59.0,-62.0,-59.0,-56.0,-55.0,-49.0,6,4
-60.0,-52.0,-56.0,-58.0,-60.0,-61.0,-48.0,1,5
-59.0,-51.0,-56.0,-58.0,-59.0,-64.0,-47.0,1,5
-60.0,-53.0,-57.0,-57.0,-59.0,-62.0,-47.0,1,5
-60.0,-53.0,-57.0,-59.0,-59.0,-62.0,-46.0,1,5
-59.0,-51.0,-57.0,-58.0,-59.0,-62.0,-46.0,1,5
-60.0,-52.0,-56.0,-58.0,-59.0,-63.0,-47.0,1,5
-59.0,-53.0,-56.0,-58.0,-60.0,-62.0,-46.0,1,5
-59.0,-52.0,-57.0,-57.0,-59.0,-62.0,-46.0,1,5
-60.0,-52.0,-56.0,-59.0,-59.0,-60.0,-48.0,1,5
-60.0,-51.0,-56.0,-60.0,-59.0,-63.0,-47.0,1,5
-60.0,-52.0,-56.0,-58.0,-59.0,-62.0,-46.0,1,5
-61.0,-52.0,-56.0,-57.0,-60.0,-62.0,-47.0,1,5
-60.0,-52.0,-56.0,-56.0,-60.0,-63.0,-47.0,1,5
-61.0,-52.0,-55.0,-57.0,-60.0,-64.0,-45.0,1,5
-58.0,-52.0,-57.0,-58.0,-59.0,-62.0,-46.0,1,5
-61.0,-53.0,-57.0,-60.0,-59.0,-62.0,-47.0,1,5
-59.0,-56.0,-60.0,-55.0,-53.0,-61.0,-51.0,2,5
-59.0,-56.0,-58.0,-55.0,-52.0,-65.0,-50.0,2,5
-59.0,-58.0,-59.0,-55.0,-54.0,-67.0,-51.0,2,5
-59.0,-57.0,-59.0,-54.0,-52.0,-66.0,-49.0,2,5
-59.0,-56.0,-59.0,-54.0,-51.0,-66.0,-48.0,2,5
-59.0,-55.0,-59.0,-54.0,-52.0,-67.0,-51.0,2,5
-58.0,-59.0,-59.0,-54.0,-53.0,-66.0,-48.0,2,5
-59.0,-59.0,-61.0,-55.0,-53.0,-66.0,-51.0,2,5
-58.0,-58.0,-60.0,-54.0,-53.0,-66.0,-51.0,2,5
-58.0,-58.0,-59.0,-56.0,-52.0,-65.0,-50.0,2,5
-58.0,-58.0,-59.0,-55.0,-52.0,-65.0,-48.0,2,5
-58.0,-58.0,-59.0,-54.0,-53.0,-66.0,-49.0,2,5
-58.0,-57.0,-59.0,-55.0,-53.0,-68.0,-52.0,2,5
-56.0,-58.0,-59.0,-55.0,-53.0,-62.0,-51.0,2,5
-58.0,-58.0,-59.0,-52.0,-52.0,-63.0,-50.0,2,5
-58.0,-58.0,-58.0,-53.0,-52.0,-64.0,-50.0,2,5
-54.0,-60.0,-61.0,-56.0,-52.0,-57.0,-43.0,3,5
-55.0,-60.0,-60.0,-55.0,-51.0,-56.0,-41.0,3,5
-54.0,-57.0,-61.0,-56.0,-54.0,-61.0,-41.0,3,5
-55.0,-59.0,-61.0,-57.0,-52.0,-57.0,-41.0,3,5
-55.0,-59.0,-61.0,-53.0,-52.0,-60.0,-41.0,3,5
-55.0,-58.0,-61.0,-52.0,-52.0,-56.0,-41.0,3,5
-53.0,-58.0,-61.0,-54.0,-52.0,-56.0,-41.0,3,5
-55.0,-59.0,-61.0,-55.0,-52.0,-60.0,-41.0,3,5
-53.0,-59.0,-60.0,-56.0,-52.0,-63.0,-41.0,3,5
-54.0,-57.0,-61.0,-54.0,-51.0,-57.0,-41.0,3,5
-53.0,-58.0,-60.0,-55.0,-52.0,-56.0,-41.0,3,5
-55.0,-58.0,-60.0,-57.0,-52.0,-56.0,-41.0,3,5
-56.0,-60.0,-61.0,-57.0,-52.0,-60.0,-42.0,3,5
-55.0,-59.0,-61.0,-54.0,-51.0,-59.0,-40.0,3,5
-55.0,-58.0,-61.0,-53.0,-52.0,-56.0,-41.0,3,5
-55.0,-59.0,-61.0,-55.0,-52.0,-54.0,-41.0,3,5
-60.0,-51.0,-57.0,-57.0,-57.0,-62.0,-53.0,4,5
-59.0,-52.0,-57.0,-57.0,-56.0,-62.0,-52.0,4,5
-59.0,-51.0,-57.0,-56.0,-55.0,-62.0,-53.0,4,5
-59.0,-51.0,-57.0,-55.0,-55.0,-61.0,-53.0,4,5
-59.0,-52.0,-57.0,-56.0,-56.0,-62.0,-50.0,4,5
-59.0,-52.0,-57.0,-56.0,-56.0,-61.0,-53.0,4,5
-59.0,-52.0,-56.0,-56.0,-55.0,-61.0,-51.0,4,5
-59.0,-51.0,-56.0,-57.0,-56.0,-62.0,-53.0,4,5
-59.0,-52.0,-57.0,-57.0,-53.0,-62.0,-54.0,4,5
-59.0,-51.0,-58.0,-58.0,-55.0,-61.0,-52.0,4,5
-59.0,-52.0,-57.0,-57.0,-56.0,-62.0,-53.0,4,5
-60.0,-51.0,-56.0,-57.0,-54.0,-62.0,-54.0,4,5
-60.0,-52.0,-57.0,-57.0,-56.0,-61.0,-51.0,4,5
-60.0,-52.0,-57.0,-58.0,-56.0,-62.0,-53.0,4,5
-60.0,-53.0,-57.0,-56.0,-56.0,-62.0,-51.0,4,5
-60.0,-52.0,-57.0,-57.0,-56.0,-62.0,-51.0,4,5
-54.0,-57.0,-56.0,-56.0,-53.0,-60.0,-49.0,5,5
-50.0,-57.0,-52.0,-55.0,-56.0,-58.0,-50.0,5,5
-49.0,-58.0,-52.0,-56.0,-53.0,-61.0,-51.0,5,5
-52.0,-59.0,-52.0,-56.0,-57.0,-59.0,-51.0,5,5
-53.0,-58.0,-52.0,-56.0,-57.0,-58.0,-51.0,5,5
-52.0,-58.0,-55.0,-56.0,-53.0,-61.0,-51.0,5,5
-54.0,-59.0,-56.0,-57.0,-55.0,-61.0,-48.0,5,5
-54.0,-58.0,-56.0,-54.0,-56.0,-59.0,-51.0,5,5
-51.0,-58.0,-54.0,-56.0,-51.0,-58.0,-50.0,5,5
-53.0,-58.0,-53.0,-57.0,-52.0,-58.0,-50.0,5,5
-53.0,-58.0,-55.0,-55.0,-57.0,-61.0,-51.0,5,5
-53.0,-58.0,-57.0,-56.0,-57.0,-58.0,-50.0,5,5
-53.0,-58.0,-56.0,-55.0,-57.0,-62.0,-50.0,5,5
-54.0,-58.0,-56.0,-56.0,-56.0,-58.0,-50.0,5,5
-53.0,-58.0,-56.0,-55.0,-53.0,-58.0,-50.0,5,5
-54.0,-58.0,-56.0,-56.0,-56.0,-61.0,-49.0,5,5
-56.0,-59.0,-53.0,-56.0,-56.0,-59.0,-53.0,6,5
-56.0,-60.0,-52.0,-58.0,-57.0,-60.0,-55.0,6,5
-56.0,-59.0,-53.0,-56.0,-57.0,-59.0,-55.0,6,5
-55.0,-59.0,-53.0,-52.0,-57.0,-52.0,-54.0,6,5
-56.0,-59.0,-50.0,-53.0,-57.0,-50.0,-55.0,6,5
-54.0,-60.0,-50.0,-57.0,-59.0,-51.0,-55.0,6,5
-55.0,-59.0,-53.0,-55.0,-58.0,-59.0,-55.0,6,5
-56.0,-59.0,-51.0,-55.0,-57.0,-51.0,-54.0,6,5
-56.0,-59.0,-53.0,-50.0,-58.0,-59.0,-55.0,6,5
-53.0,-60.0,-53.0,-50.0,-56.0,-58.0,-55.0,6,5
-56.0,-59.0,-53.0,-53.0,-57.0,-59.0,-54.0,6,5
-55.0,-60.0,-51.0,-56.0,-58.0,-59.0,-55.0,6,5
-56.0,-59.0,-55.0,-54.0,-57.0,-60.0,-54.0,6,5
-56.0,-60.0,-53.0,-57.0,-57.0,-59.0,-55.0,6,5
-56.0,-59.0,-53.0,-52.0,-57.0,-52.0,-54.0,6,5
-56.0,-59.0,-53.0,-56.0,-57.0,-51.0,-55.0,6,5
-57.0,-55.0,-67.0,-55.0,-50.0,-57.0,-52.0,1,6
-57.0,-54.0,-66.0,-51.0,-50.0,-55.0,-50.0,1,6
-57.0,-53.0,-66.0,-53.0,-50.0,-57.0,-49.0,1,6
-58.0,-54.0,-65.0,-53.0,-51.0,-55.0,-48.0,1,6
-57.0,-52.0,-65.0,-53.0,-49.0,-57.0,-49.0,1,6
-58.0,-55.0,-65.0,-52.0,-49.0,-56.0,-50.0,1,6
-58.0,-53.0,-64.0,-53.0,-49.0,-56.0,-50.0,1,6
-56.0,-53.0,-64.0,-51.0,-48.0,-56.0,-52.0,1,6
-57.0,-53.0,-65.0,-53.0,-50.0,-56.0,-51.0,1,6
-58.0,-54.0,-65.0,-52.0,-49.0,-56.0,-49.0,1,6
-58.0,-54.0,-65.0,-54.0,-49.0,-56.0,-47.0,1,6
-56.0,-55.0,-66.0,-54.0,-51.0,-56.0,-47.0,1,6
-57.0,-54.0,-64.0,-53.0,-50.0,-55.0,-50.0,1,6
-57.0,-53.0,-63.0,-54.0,-50.0,-55.0,-50.0,1,6
-57.0,-56.0,-66.0,-54.0,-52.0,-56.0,-50.0,1,6
-57.0,-54.0,-65.0,-51.0,-51.0,-57.0,-49.0,1,6
-58.0,-56.0,-51.0,-51.0,-51.0,-55.0,-55.0,2,6
-58.0,-56.0,-51.0,-52.0,-48.0,-55.0,-53.0,2,6
-57.0,-56.0,-51.0,-52.0,-46.0,-56.0,-53.0,2,6
-57.0,-56.0,-52.0,-54.0,-49.0,-54.0,-54.0,2,6
-56.0,-55.0,-51.0,-54.0,-50.0,-56.0,-54.0,2,6
-58.0,-56.0,-52.0,-52.0,-49.0,-57.0,-53.0,2,6
-57.0,-56.0,-51.0,-55.0,-51.0,-57.0,-52.0,2,6
-58.0,-57.0,-49.0,-55.0,-50.0,-56.0,-53.0,2,6
-58.0,-55.0,-51.0,-53.0,-50.0,-55.0,-52.0,2,6
-58.0,-56.0,-51.0,-52.0,-50.0,-55.0,-53.0,2,6
-58.0,-56.0,-49.0,-52.0,-48.0,-56.0,-53.0,2,6
-58.0,-56.0,-51.0,-53.0,-48.0,-53.0,-53.0,2,6
-57.0,-55.0,-49.0,-54.0,-51.0,-57.0,-53.0,2,6
-56.0,-55.0,-51.0,-52.0,-47.0,-56.0,-53.0,2,6
-58.0,-55.0,-50.0,-54.0,-47.0,-54.0,-53.0,2,6
-58.0,-56.0,-50.0,-54.0,-47.0,-55.0,-55.0,2,6
-60.0,-53.0,-61.0,-54.0,-53.0,-59.0,-49.0,3,6
-59.0,-55.0,-62.0,-52.0,-55.0,-58.0,-52.0,3,6
-60.0,-54.0,-63.0,-54.0,-53.0,-55.0,-51.0,3,6
-60.0,-55.0,-60.0,-52.0,-53.0,-59.0,-52.0,3,6
-59.0,-54.0,-62.0,-54.0,-53.0,-54.0,-52.0,3,6
-60.0,-54.0,-61.0,-52.0,-55.0,-58.0,-51.0,3,6
-60.0,-54.0,-62.0,-55.0,-51.0,-58.0,-53.0,3,6
-59.0,-54.0,-59.0,-55.0,-54.0,-52.0,-54.0,3,6
-59.0,-54.0,-60.0,-52.0,-50.0,-58.0,-52.0,3,6
-59.0,-53.0,-63.0,-54.0,-54.0,-55.0,-50.0,3,6
-59.0,-53.0,-62.0,-53.0,-51.0,-59.0,-53.0,3,6
-60.0,-53.0,-62.0,-52.0,-51.0,-52.0,-53.0,3,6
-59.0,-52.0,-60.0,-54.0,-53.0,-53.0,-49.0,3,6
-60.0,-53.0,-60.0,-52.0,-52.0,-60.0,-48.0,3,6
-60.0,-54.0,-61.0,-54.0,-51.0,-60.0,-51.0,3,6
-60.0,-52.0,-61.0,-54.0,-54.0,-59.0,-50.0,3,6
-58.0,-56.0,-58.0,-58.0,-50.0,-54.0,-50.0,4,6
-59.0,-56.0,-58.0,-59.0,-51.0,-56.0,-51.0,4,6
-59.0,-56.0,-59.0,-58.0,-53.0,-56.0,-51.0,4,6
-59.0,-56.0,-58.0,-58.0,-51.0,-56.0,-50.0,4,6
-60.0,-56.0,-58.0,-58.0,-52.0,-55.0,-50.0,4,6
-58.0,-54.0,-59.0,-58.0,-52.0,-56.0,-50.0,4,6
-59.0,-56.0,-57.0,-59.0,-50.0,-57.0,-50.0,4,6
-60.0,-57.0,-58.0,-57.0,-52.0,-58.0,-50.0,4,6
-59.0,-57.0,-58.0,-57.0,-49.0,-56.0,-51.0,4,6
-59.0,-56.0,-56.0,-58.0,-51.0,-56.0,-51.0,4,6
-59.0,-56.0,-58.0,-58.0,-51.0,-55.0,-50.0,4,6
-59.0,-56.0,-57.0,-58.0,-51.0,-56.0,-51.0,4,6
-59.0,-55.0,-59.0,-58.0,-51.0,-56.0,-51.0,4,6
-59.0,-54.0,-57.0,-57.0,-50.0,-56.0,-50.0,4,6
-58.0,-56.0,-58.0,-59.0,-51.0,-56.0,-50.0,4,6
-58.0,-56.0,-57.0,-58.0,-51.0,-56.0,-50.0,4,6
-57.0,-54.0,-65.0,-59.0,-59.0,-54.0,-42.0,5,6
-57.0,-53.0,-65.0,-50.0,-58.0,-58.0,-41.0,5,6
-57.0,-55.0,-65.0,-54.0,-58.0,-50.0,-42.0,5,6
-56.0,-53.0,-65.0,-51.0,-59.0,-50.0,-42.0,5,6
-55.0,-54.0,-65.0,-52.0,-56.0,-50.0,-42.0,5,6
-57.0,-52.0,-65.0,-58.0,-56.0,-57.0,-42.0,5,6
-57.0,-55.0,-66.0,-59.0,-59.0,-56.0,-41.0,5,6
-57.0,-55.0,-65.0,-59.0,-59.0,-57.0,-42.0,5,6
-56.0,-54.0,-65.0,-59.0,-59.0,-54.0,-42.0,5,6
-56.0,-53.0,-62.0,-59.0,-59.0,-58.0,-41.0,5,6
-57.0,-55.0,-64.0,-52.0,-58.0,-58.0,-42.0,5,6
-56.0,-52.0,-65.0,-59.0,-59.0,-58.0,-42.0,5,6
-57.0,-55.0,-65.0,-59.0,-57.0,-51.0,-41.0,5,6
-57.0,-52.0,-65.0,-59.0,-57.0,-55.0,-44.0,5,6
-56.0,-55.0,-64.0,-59.0,-59.0,-57.0,-42.0,5,6
-56.0,-54.0,-65.0,-58.0,-59.0,-59.0,-42.0,5,6
-56.0,-56.0,-53.0,-61.0,-55.0,-55.0,-50.0,6,6
-57.0,-56.0,-51.0,-61.0,-55.0,-55.0,-52.0,6,6
-56.0,-57.0,-54.0,-62.0,-56.0,-56.0,-48.0,6,6
-56.0,-57.0,-53.0,-61.0,-54.0,-56.0,-51.0,6,6
-56.0,-56.0,-52.0,-62.0,-55.0,-57.0,-53.0,6,6
-56.0,-56.0,-52.0,-62.0,-57.0,-56.0,-50.0,6,6
-57.0,-57.0,-53.0,-61.0,-53.0,-56.0,-51.0,6,6
-57.0,-56.0,-53.0,-61.0,-56.0,-56.0,-52.0,6,6
-56.0,-56.0,-52.0,-62.0,-56.0,-57.0,-52.0,6,6
-57.0,-57.0,-51.0,-62.0,-55.0,-56.0,-53.0,6,6
-56.0,-54.0,-53.0,-62.0,-56.0,-55.0,-51.0,6,6
-56.0,-56.0,-50.0,-62.0,-56.0,-56.0,-48.0,6,6
-57.0,-57.0,-53.0,-61.0,-56.0,-55.0,-53.0,6,6
-56.0,-56.0,-53.0,-62.0,-56.0,-58.0,-53.0,6,6
-56.0,-57.0,-53.0,-61.0,-55.0,-56.0,-56.0,6,6
-57.0,-56.0,-53.0,-62.0,-56.0,-55.0,-53.0,6,6
-59.0,-52.0,-57.0,-55.0,-62.0,-58.0,-45.0,1,7
-61.0,-53.0,-56.0,-56.0,-62.0,-56.0,-45.0,1,7
-60.0,-53.0,-57.0,-55.0,-61.0,-53.0,-45.0,1,7
-60.0,-53.0,-58.0,-52.0,-63.0,-53.0,-45.0,1,7
-60.0,-53.0,-57.0,-56.0,-62.0,-55.0,-46.0,1,7
-60.0,-53.0,-56.0,-56.0,-61.0,-56.0,-45.0,1,7
-60.0,-53.0,-57.0,-57.0,-61.0,-53.0,-45.0,1,7
-61.0,-53.0,-56.0,-52.0,-59.0,-52.0,-45.0,1,7
-60.0,-53.0,-58.0,-55.0,-61.0,-56.0,-45.0,1,7
-62.0,-52.0,-57.0,-55.0,-62.0,-56.0,-45.0,1,7
-60.0,-53.0,-54.0,-53.0,-62.0,-56.0,-45.0,1,7
-60.0,-52.0,-57.0,-53.0,-62.0,-56.0,-45.0,1,7
-61.0,-53.0,-56.0,-55.0,-62.0,-52.0,-45.0,1,7
-60.0,-53.0,-56.0,-52.0,-62.0,-56.0,-45.0,1,7
-59.0,-53.0,-56.0,-54.0,-62.0,-56.0,-45.0,1,7
-60.0,-52.0,-57.0,-53.0,-61.0,-58.0,-45.0,1,7
-53.0,-54.0,-59.0,-60.0,-57.0,-53.0,-49.0,2,7
-53.0,-55.0,-59.0,-54.0,-56.0,-52.0,-50.0,2,7
-53.0,-55.0,-60.0,-62.0,-56.0,-52.0,-51.0,2,7
-54.0,-56.0,-62.0,-60.0,-57.0,-51.0,-49.0,2,7
-53.0,-55.0,-59.0,-62.0,-56.0,-53.0,-50.0,2,7
-54.0,-55.0,-61.0,-58.0,-56.0,-52.0,-47.0,2,7
-53.0,-55.0,-58.0,-61.0,-56.0,-51.0,-49.0,2,7
-53.0,-56.0,-60.0,-61.0,-54.0,-51.0,-49.0,2,7
-53.0,-55.0,-63.0,-62.0,-56.0,-52.0,-49.0,2,7
-53.0,-55.0,-62.0,-57.0,-57.0,-52.0,-50.0,2,7
-53.0,-57.0,-62.0,-58.0,-56.0,-51.0,-49.0,2,7
-53.0,-55.0,-62.0,-60.0,-57.0,-51.0,-50.0,2,7
-53.0,-56.0,-62.0,-57.0,-56.0,-52.0,-50.0,2,7
-53.0,-55.0,-61.0,-59.0,-57.0,-52.0,-50.0,2,7
-53.0,-54.0,-61.0,-59.0,-56.0,-51.0,-49.0,2,7
-53.0,-57.0,-60.0,-59.0,-56.0,-52.0,-47.0,2,7
-50.0,-51.0,-62.0,-62.0,-55.0,-62.0,-47.0,3,7
-49.0,-51.0,-61.0,-59.0,-52.0,-62.0,-47.0,3,7
-50.0,-54.0,-61.0,-58.0,-55.0,-62.0,-45.0,3,7
-50.0,-50.0,-60.0,-60.0,-54.0,-56.0,-46.0,3,7
-48.0,-53.0,-60.0,-59.0,-55.0,-62.0,-45.0,3,7
-48.0,-53.0,-61.0,-61.0,-51.0,-62.0,-46.0,3,7
-50.0,-53.0,-61.0,-64.0,-52.0,-57.0,-46.0,3,7
-49.0,-53.0,-62.0,-61.0,-53.0,-62.0,-47.0,3,7
-51.0,-53.0,-62.0,-61.0,-54.0,-59.0,-46.0,3,7
-50.0,-53.0,-61.0,-61.0,-53.0,-59.0,-45.0,3,7
-50.0,-51.0,-61.0,-61.0,-55.0,-63.0,-46.0,3,7
-49.0,-52.0,-61.0,-60.0,-56.0,-63.0,-47.0,3,7
-50.0,-52.0,-63.0,-58.0,-55.0,-61.0,-46.0,3,7
-48.0,-53.0,-63.0,-62.0,-54.0,-57.0,-47.0,3,7
-50.0,-53.0,-62.0,-61.0,-54.0,-62.0,-46.0,3,7
-51.0,-52.0,-61.0,-58.0,-54.0,-61.0,-46.0,3,7
-57.0,-54.0,-54.0,-61.0,-58.0,-53.0,-49.0,4,7
-57.0,-53.0,-53.0,-61.0,-60.0,-52.0,-47.0,4,7
-57.0,-53.0,-54.0,-61.0,-58.0,-53.0,-49.0,4,7
-57.0,-54.0,-54.0,-61.0,-58.0,-53.0,-49.0,4,7
-57.0,-53.0,-54.0,-61.0,-57.0,-55.0,-49.0,4,7
-57.0,-54.0,-54.0,-61.0,-57.0,-53.0,-47.0,4,7
-57.0,-54.0,-54.0,-62.0,-57.0,-53.0,-47.0,4,7
-57.0,-53.0,-54.0,-60.0,-57.0,-53.0,-49.0,4,7
-57.0,-53.0,-54.0,-59.0,-58.0,-55.0,-49.0,4,7
-57.0,-53.0,-53.0,-60.0,-57.0,-53.0,-50.0,4,7
-56.0,-51.0,-53.0,-59.0,-57.0,-52.0,-49.0,4,7
-56.0,-51.0,-54.0,-61.0,-58.0,-53.0,-49.0,4,7
-57.0,-53.0,-52.0,-61.0,-57.0,-54.0,-47.0,4,7
-57.0,-52.0,-54.0,-62.0,-57.0,-53.0,-47.0,4,7
-57.0,-53.0,-54.0,-60.0,-57.0,-52.0,-48.0,4,7
-57.0,-53.0,-54.0,-61.0,-57.0,-53.0,-49.0,4,7
-53.0,-59.0,-59.0,-60.0,-56.0,-65.0,-48.0,5,7
-50.0,-59.0,-60.0,-59.0,-57.0,-66.0,-50.0,5,7
-52.0,-59.0,-60.0,-60.0,-58.0,-64.0,-49.0,5,7
-53.0,-59.0,-57.0,-61.0,-59.0,-65.0,-49.0,5,7
-52.0,-58.0,-54.0,-62.0,-58.0,-65.0,-52.0,5,7
-53.0,-59.0,-60.0,-60.0,-59.0,-65.0,-50.0,5,7
-53.0,-59.0,-57.0,-61.0,-56.0,-66.0,-49.0,5,7
-53.0,-59.0,-57.0,-63.0,-57.0,-64.0,-49.0,5,7
-53.0,-59.0,-60.0,-61.0,-56.0,-63.0,-49.0,5,7
-53.0,-59.0,-61.0,-61.0,-58.0,-63.0,-49.0,5,7
-53.0,-59.0,-60.0,-63.0,-57.0,-65.0,-48.0,5,7
-53.0,-59.0,-56.0,-61.0,-59.0,-64.0,-49.0,5,7
-52.0,-58.0,-60.0,-60.0,-57.0,-65.0,-51.0,5,7
-53.0,-58.0,-60.0,-61.0,-58.0,-65.0,-50.0,5,7
-52.0,-57.0,-61.0,-61.0,-58.0,-60.0,-49.0,5,7
-52.0,-57.0,-60.0,-62.0,-58.0,-63.0,-49.0,5,7
-58.0,-60.0,-60.0,-57.0,-48.0,-52.0,-51.0,6,7
-58.0,-60.0,-60.0,-52.0,-50.0,-58.0,-52.0,6,7
-58.0,-60.0,-61.0,-51.0,-50.0,-59.0,-52.0,6,7
-55.0,-60.0,-60.0,-52.0,-50.0,-58.0,-50.0,6,7
-58.0,-60.0,-60.0,-52.0,-51.0,-59.0,-51.0,6,7
-57.0,-60.0,-60.0,-57.0,-51.0,-60.0,-51.0,6,7
-58.0,-61.0,-60.0,-53.0,-48.0,-59.0,-51.0,6,7
-57.0,-60.0,-59.0,-57.0,-50.0,-59.0,-51.0,6,7
-58.0,-60.0,-59.0,-57.0,-47.0,-53.0,-51.0,6,7
-58.0,-61.0,-59.0,-58.0,-49.0,-52.0,-52.0,6,7
-56.0,-60.0,-59.0,-56.0,-50.0,-59.0,-51.0,6,7
-58.0,-61.0,-60.0,-58.0,-50.0,-59.0,-51.0,6,7
-57.0,-60.0,-62.0,-57.0,-50.0,-59.0,-51.0,6,7
-58.0,-60.0,-60.0,-54.0,-49.0,-52.0,-51.0,6,7
-58.0,-60.0,-60.0,-58.0,-49.0,-52.0,-51.0,6,7
-57.0,-61.0,-59.0,-58.0,-50.0,-58.0,-50.0,6,7
-60.0,-49.0,-55.0,-57.0,-56.0,-60.0,-46.0,1,8
-60.0,-48.0,-55.0,-58.0,-56.0,-60.0,-48.0,1,8
-60.0,-50.0,-55.0,-55.0,-53.0,-59.0,-47.0,1,8
-60.0,-50.0,-56.0,-58.0,-53.0,-61.0,-48.0,1,8
-58.0,-49.0,-54.0,-58.0,-55.0,-59.0,-46.0,1,8
-58.0,-50.0,-54.0,-58.0,-56.0,-61.0,-46.0,1,8
-59.0,-50.0,-54.0,-58.0,-56.0,-60.0,-45.0,1,8
-58.0,-49.0,-55.0,-58.0,-57.0,-60.0,-48.0,1,8
-59.0,-51.0,-55.0,-57.0,-56.0,-60.0,-47.0,1,8
-59.0,-50.0,-54.0,-57.0,-53.0,-58.0,-46.0,1,8
-58.0,-50.0,-55.0,-57.0,-56.0,-60.0,-46.0,1,8
-59.0,-49.0,-55.0,-58.0,-56.0,-60.0,-46.0,1,8
-58.0,-50.0,-54.0,-58.0,-56.0,-58.0,-47.0,1,8
-59.0,-50.0,-54.0,-57.0,-56.0,-59.0,-45.0,1,8
-59.0,-47.0,-55.0,-58.0,-56.0,-59.0,-46.0,1,8
-59.0,-49.0,-56.0,-57.0,-55.0,-60.0,-45.0,1,8
-53.0,-54.0,-56.0,-57.0,-58.0,-59.0,-58.0,2,8
-55.0,-54.0,-56.0,-56.0,-60.0,-60.0,-57.0,2,8
-55.0,-52.0,-56.0,-56.0,-56.0,-59.0,-59.0,2,8
-56.0,-53.0,-57.0,-55.0,-54.0,-58.0,-58.0,2,8
-56.0,-54.0,-56.0,-55.0,-56.0,-61.0,-58.0,2,8
-56.0,-53.0,-56.0,-56.0,-56.0,-60.0,-58.0,2,8
-56.0,-53.0,-55.0,-57.0,-56.0,-61.0,-58.0,2,8
-55.0,-53.0,-57.0,-56.0,-58.0,-60.0,-58.0,2,8
-56.0,-53.0,-56.0,-55.0,-58.0,-60.0,-58.0,2,8
-56.0,-53.0,-54.0,-56.0,-58.0,-60.0,-58.0,2,8
-56.0,-54.0,-54.0,-56.0,-58.0,-60.0,-58.0,2,8
-56.0,-53.0,-55.0,-56.0,-58.0,-60.0,-57.0,2,8
-55.0,-54.0,-53.0,-56.0,-57.0,-60.0,-58.0,2,8
-55.0,-53.0,-53.0,-56.0,-55.0,-60.0,-58.0,2,8
-55.0,-53.0,-54.0,-57.0,-55.0,-60.0,-58.0,2,8
-55.0,-53.0,-54.0,-58.0,-55.0,-60.0,-57.0,2,8
-58.0,-54.0,-61.0,-64.0,-57.0,-52.0,-53.0,3,8
-57.0,-52.0,-54.0,-64.0,-57.0,-50.0,-53.0,3,8
-57.0,-54.0,-57.0,-64.0,-57.0,-53.0,-53.0,3,8
-57.0,-54.0,-57.0,-64.0,-57.0,-50.0,-52.0,3,8
-57.0,-54.0,-73.0,-65.0,-57.0,-53.0,-52.0,3,8
-57.0,-53.0,-73.0,-64.0,-55.0,-51.0,-50.0,3,8
-57.0,-54.0,-57.0,-64.0,-57.0,-52.0,-50.0,3,8
-57.0,-54.0,-57.0,-64.0,-55.0,-50.0,-52.0,3,8
-57.0,-52.0,-57.0,-66.0,-57.0,-51.0,-53.0,3,8
-57.0,-52.0,-57.0,-65.0,-57.0,-52.0,-50.0,3,8
-57.0,-54.0,-59.0,-64.0,-57.0,-52.0,-52.0,3,8
-57.0,-54.0,-57.0,-65.0,-54.0,-50.0,-52.0,3,8
-57.0,-54.0,-55.0,-64.0,-57.0,-51.0,-52.0,3,8
-57.0,-53.0,-58.0,-64.0,-58.0,-52.0,-52.0,3,8
-58.0,-52.0,-58.0,-64.0,-56.0,-51.0,-52.0,3,8
-57.0,-53.0,-58.0,-65.0,-57.0,-51.0,-50.0,3,8
-56.0,-59.0,-55.0,-60.0,-53.0,-58.0,-52.0,4,8
-57.0,-61.0,-55.0,-60.0,-51.0,-56.0,-50.0,4,8
-57.0,-61.0,-56.0,-60.0,-50.0,-57.0,-53.0,4,8
-58.0,-61.0,-54.0,-60.0,-51.0,-56.0,-53.0,4,8
-58.0,-61.0,-55.0,-59.0,-53.0,-56.0,-53.0,4,8
-57.0,-61.0,-56.0,-58.0,-49.0,-56.0,-53.0,4,8
-57.0,-61.0,-57.0,-60.0,-48.0,-56.0,-53.0,4,8
-58.0,-61.0,-56.0,-61.0,-50.0,-57.0,-52.0,4,8
-58.0,-61.0,-53.0,-59.0,-48.0,-56.0,-53.0,4,8
-57.0,-61.0,-55.0,-59.0,-51.0,-56.0,-51.0,4,8
-58.0,-62.0,-56.0,-60.0,-51.0,-56.0,-53.0,4,8
-57.0,-61.0,-58.0,-58.0,-51.0,-57.0,-52.0,4,8
-58.0,-61.0,-55.0,-57.0,-50.0,-56.0,-52.0,4,8
-58.0,-61.0,-57.0,-58.0,-50.0,-54.0,-52.0,4,8
-57.0,-61.0,-55.0,-60.0,-50.0,-56.0,-52.0,4,8
-57.0,-61.0,-55.0,-58.0,-50.0,-55.0,-53.0,4,8
-58.0,-57.0,-54.0,-50.0,-52.0,-63.0,-49.0,5,8
-59.0,-56.0,-52.0,-53.0,-53.0,-65.0,-47.0,5,8
-59.0,-57.0,-53.0,-54.0,-54.0,-63.0,-47.0,5,8
-59.0,-55.0,-52.0,-54.0,-53.0,-63.0,-48.0,5,8
-60.0,-55.0,-52.0,-50.0,-52.0,-63.0,-48.0,5,8
-59.0,-56.0,-53.0,-50.0,-54.0,-62.0,-49.0,5,8
-60.0,-55.0,-51.0,-50.0,-53.0,-62.0,-48.0,5,8
-59.0,-56.0,-50.0,-54.0,-52.0,-62.0,-47.0,5,8
-59.0,-56.0,-52.0,-54.0,-55.0,-65.0,-49.0,5,8
-60.0,-56.0,-51.0,-54.0,-51.0,-63.0,-49.0,5,8
-60.0,-56.0,-51.0,-51.0,-54.0,-63.0,-46.0,5,8
-59.0,-57.0,-51.0,-55.0,-54.0,-63.0,-48.0,5,8
-60.0,-54.0,-51.0,-51.0,-52.0,-62.0,-48.0,5,8
-60.0,-56.0,-52.0,-50.0,-52.0,-62.0,-46.0,5,8
-59.0,-56.0,-52.0,-54.0,-52.0,-65.0,-49.0,5,8
-59.0,-55.0,-52.0,-51.0,-53.0,-65.0,-46.0,5,8
-60.0,-56.0,-50.0,-56.0,-38.0,-54.0,-49.0,6,8
-60.0,-57.0,-51.0,-57.0,-38.0,-54.0,-49.0,6,8
-60.0,-56.0,-50.0,-58.0,-40.0,-55.0,-49.0,6,8
-60.0,-56.0,-51.0,-56.0,-38.0,-55.0,-49.0,6,8
-60.0,-57.0,-51.0,-56.0,-38.0,-53.0,-50.0,6,8
-61.0,-57.0,-50.0,-58.0,-39.0,-54.0,-49.0,6,8
-61.0,-56.0,-50.0,-58.0,-39.0,-56.0,-49.0,6,8
-61.0,-57.0,-50.0,-57.0,-38.0,-54.0,-49.0,6,8
-60.0,-57.0,-50.0,-55.0,-38.0,-54.0,-49.0,6,8
-60.0,-57.0,-50.0,-59.0,-38.0,-54.0,-49.0,6,8
-61.0,-57.0,-51.0,-55.0,-38.0,-54.0,-49.0,6,8
-61.0,-57.0,-51.0,-57.0,-38.0,-54.0,-49.0,6,8
-60.0,-56.0,-50.0,-55.0,-39.0,-54.0,-49.0,6,8
-61.0,-57.0,-50.0,-56.0,-39.0,-54.0,-49.0,6,8
-60.0,-56.0,-50.0,-59.0,-39.0,-53.0,-49.0,6,8
-60.0,-56.0,-50.0,-56.0,-39.0,-54.0,-49.0,6,8
-57.0,-33.0,-68.0,-60.0,-59.0,-56.0,-49.0,1,9
-59.0,-34.0,-73.0,-58.0,-57.0,-55.0,-49.0,1,9
-58.0,-33.0,-67.0,-56.0,-60.0,-48.0,-50.0,1,9
-58.0,-32.0,-68.0,-58.0,-59.0,-55.0,-51.0,1,9
-57.0,-33.0,-71.0,-57.0,-59.0,-55.0,-50.0,1,9
-58.0,-34.0,-68.0,-56.0,-57.0,-49.0,-51.0,1,9
-58.0,-33.0,-69.0,-58.0,-59.0,-52.0,-50.0,1,9
-58.0,-30.0,-69.0,-58.0,-59.0,-55.0,-51.0,1,9
-58.0,-33.0,-69.0,-56.0,-57.0,-55.0,-52.0,1,9
-57.0,-33.0,-74.0,-56.0,-57.0,-49.0,-50.0,1,9
-58.0,-32.0,-74.0,-58.0,-58.0,-53.0,-51.0,1,9
-57.0,-33.0,-74.0,-56.0,-57.0,-48.0,-51.0,1,9
-58.0,-32.0,-68.0,-56.0,-58.0,-56.0,-51.0,1,9
-57.0,-33.0,-71.0,-56.0,-59.0,-54.0,-48.0,1,9
-58.0,-32.0,-71.0,-56.0,-57.0,-54.0,-50.0,1,9
-57.0,-33.0,-71.0,-56.0,-57.0,-55.0,-52.0,1,9
-57.0,-54.0,-59.0,-54.0,-52.0,-53.0,-54.0,2,9
-57.0,-54.0,-58.0,-54.0,-53.0,-54.0,-53.0,2,9
-57.0,-55.0,-59.0,-53.0,-50.0,-53.0,-54.0,2,9
-57.0,-54.0,-58.0,-55.0,-51.0,-57.0,-54.0,2,9
-57.0,-55.0,-58.0,-52.0,-50.0,-57.0,-52.0,2,9
-57.0,-54.0,-58.0,-50.0,-50.0,-52.0,-53.0,2,9
-57.0,-54.0,-58.0,-52.0,-50.0,-58.0,-54.0,2,9
-57.0,-55.0,-58.0,-52.0,-51.0,-53.0,-53.0,2,9
-57.0,-55.0,-58.0,-53.0,-50.0,-57.0,-53.0,2,9
-57.0,-55.0,-58.0,-55.0,-51.0,-54.0,-54.0,2,9
-57.0,-54.0,-58.0,-53.0,-51.0,-54.0,-53.0,2,9
-57.0,-52.0,-60.0,-51.0,-53.0,-56.0,-53.0,2,9
-58.0,-54.0,-58.0,-53.0,-52.0,-53.0,-54.0,2,9
-57.0,-54.0,-59.0,-53.0,-51.0,-54.0,-54.0,2,9
-57.0,-56.0,-58.0,-54.0,-50.0,-58.0,-54.0,2,9
-57.0,-57.0,-58.0,-54.0,-52.0,-53.0,-54.0,2,9
-56.0,-53.0,-59.0,-49.0,-57.0,-52.0,-50.0,3,9
-56.0,-54.0,-60.0,-50.0,-57.0,-51.0,-50.0,3,9
-55.0,-54.0,-60.0,-50.0,-56.0,-51.0,-50.0,3,9
-56.0,-54.0,-60.0,-50.0,-57.0,-51.0,-50.0,3,9
-56.0,-55.0,-60.0,-49.0,-55.0,-52.0,-51.0,3,9
-56.0,-52.0,-61.0,-50.0,-56.0,-52.0,-51.0,3,9
-56.0,-52.0,-59.0,-50.0,-55.0,-51.0,-50.0,3,9
-56.0,-54.0,-59.0,-50.0,-58.0,-52.0,-50.0,3,9
-56.0,-54.0,-60.0,-50.0,-56.0,-52.0,-50.0,3,9
-55.0,-52.0,-60.0,-50.0,-57.0,-51.0,-51.0,3,9
-56.0,-54.0,-60.0,-48.0,-59.0,-52.0,-51.0,3,9
-56.0,-53.0,-61.0,-50.0,-57.0,-52.0,-50.0,3,9
-56.0,-52.0,-61.0,-49.0,-54.0,-52.0,-51.0,3,9
-55.0,-54.0,-60.0,-50.0,-58.0,-51.0,-50.0,3,9
-56.0,-54.0,-59.0,-50.0,-58.0,-52.0,-49.0,3,9
-56.0,-54.0,-59.0,-50.0,-58.0,-52.0,-51.0,3,9
-57.0,-55.0,-55.0,-61.0,-51.0,-57.0,-55.0,4,9
-56.0,-52.0,-56.0,-61.0,-51.0,-56.0,-57.0,4,9
-57.0,-56.0,-56.0,-61.0,-52.0,-57.0,-55.0,4,9
-57.0,-56.0,-54.0,-62.0,-50.0,-57.0,-55.0,4,9
-57.0,-54.0,-53.0,-61.0,-49.0,-57.0,-55.0,4,9
-57.0,-53.0,-55.0,-62.0,-51.0,-57.0,-55.0,4,9
-56.0,-54.0,-56.0,-61.0,-51.0,-57.0,-55.0,4,9
-56.0,-54.0,-52.0,-62.0,-51.0,-57.0,-56.0,4,9
-56.0,-56.0,-54.0,-61.0,-52.0,-57.0,-55.0,4,9
-57.0,-54.0,-55.0,-61.0,-50.0,-57.0,-54.0,4,9
-57.0,-54.0,-55.0,-61.0,-51.0,-55.0,-55.0,4,9
-57.0,-53.0,-56.0,-61.0,-51.0,-56.0,-55.0,4,9
-57.0,-52.0,-55.0,-62.0,-51.0,-57.0,-55.0,4,9
-57.0,-55.0,-55.0,-61.0,-52.0,-57.0,-55.0,4,9
-57.0,-55.0,-52.0,-61.0,-50.0,-57.0,-54.0,4,9
-57.0,-56.0,-55.0,-61.0,-51.0,-57.0,-53.0,4,9
-53.0,-55.0,-65.0,-60.0,-56.0,-58.0,-49.0,5,9
-53.0,-54.0,-65.0,-59.0,-53.0,-56.0,-48.0,5,9
-53.0,-54.0,-65.0,-60.0,-56.0,-57.0,-48.0,5,9
-53.0,-55.0,-65.0,-60.0,-53.0,-57.0,-50.0,5,9
-53.0,-55.0,-65.0,-60.0,-54.0,-54.0,-49.0,5,9
-53.0,-55.0,-65.0,-59.0,-54.0,-55.0,-49.0,5,9
-53.0,-54.0,-65.0,-59.0,-55.0,-55.0,-50.0,5,9
-53.0,-56.0,-64.0,-60.0,-54.0,-55.0,-49.0,5,9
-53.0,-55.0,-64.0,-60.0,-53.0,-57.0,-49.0,5,9
-53.0,-55.0,-65.0,-59.0,-54.0,-57.0,-49.0,5,9
-51.0,-55.0,-65.0,-60.0,-55.0,-55.0,-50.0,5,9
-53.0,-55.0,-65.0,-58.0,-54.0,-58.0,-47.0,5,9
-54.0,-55.0,-64.0,-60.0,-55.0,-54.0,-50.0,5,9
-53.0,-55.0,-64.0,-61.0,-54.0,-54.0,-49.0,5,9
-53.0,-56.0,-64.0,-60.0,-55.0,-58.0,-48.0,5,9
-52.0,-54.0,-63.0,-59.0,-54.0,-58.0,-48.0,5,9
-51.0,-59.0,-52.0,-57.0,-39.0,-60.0,-57.0,6,9
-56.0,-60.0,-52.0,-57.0,-39.0,-58.0,-55.0,6,9
-53.0,-60.0,-52.0,-57.0,-39.0,-60.0,-55.0,6,9
-56.0,-60.0,-52.0,-53.0,-39.0,-53.0,-56.0,6,9
-55.0,-59.0,-53.0,-53.0,-38.0,-61.0,-56.0,6,9
-56.0,-60.0,-52.0,-56.0,-39.0,-60.0,-55.0,6,9
-56.0,-59.0,-51.0,-57.0,-39.0,-60.0,-54.0,6,9
-54.0,-60.0,-52.0,-57.0,-39.0,-61.0,-54.0,6,9
-56.0,-59.0,-51.0,-57.0,-39.0,-60.0,-55.0,6,9
-56.0,-60.0,-53.0,-53.0,-38.0,-61.0,-55.0,6,9
-55.0,-60.0,-52.0,-58.0,-39.0,-59.0,-56.0,6,9
-53.0,-60.0,-52.0,-57.0,-39.0,-52.0,-55.0,6,9
-54.0,-60.0,-53.0,-57.0,-39.0,-58.0,-55.0,6,9
-56.0,-60.0,-53.0,-56.0,-39.0,-61.0,-55.0,6,9
-56.0,-60.0,-53.0,-53.0,-39.0,-53.0,-54.0,6,9
-56.0,-60.0,-53.0,-52.0,-39.0,-53.0,-55.0,6,9
-56.0,-48.0,-59.0,-60.0,-53.0,-54.0,-56.0,1,10
-55.0,-46.0,-57.0,-61.0,-48.0,-56.0,-54.0,1,10
-57.0,-47.0,-61.0,-58.0,-51.0,-56.0,-54.0,1,10
-56.0,-48.0,-60.0,-61.0,-56.0,-56.0,-55.0,1,10
-55.0,-48.0,-61.0,-60.0,-52.0,-56.0,-53.0,1,10
-54.0,-48.0,-59.0,-60.0,-53.0,-56.0,-52.0,1,10
-57.0,-49.0,-59.0,-60.0,-54.0,-58.0,-56.0,1,10
-56.0,-48.0,-60.0,-58.0,-53.0,-58.0,-53.0,1,10
-55.0,-49.0,-57.0,-54.0,-54.0,-58.0,-53.0,1,10
-56.0,-49.0,-58.0,-55.0,-51.0,-59.0,-53.0,1,10
-54.0,-50.0,-57.0,-48.0,-51.0,-59.0,-53.0,1,10
-54.0,-50.0,-59.0,-53.0,-51.0,-58.0,-53.0,1,10
-55.0,-49.0,-58.0,-55.0,-54.0,-57.0,-52.0,1,10
-55.0,-50.0,-59.0,-60.0,-55.0,-59.0,-52.0,1,10
-54.0,-51.0,-59.0,-56.0,-54.0,-59.0,-56.0,1,10
-55.0,-48.0,-58.0,-54.0,-51.0,-59.0,-54.0,1,10
-58.0,-57.0,-67.0,-60.0,-56.0,-59.0,-63.0,2,10
-60.0,-57.0,-65.0,-57.0,-55.0,-58.0,-60.0,2,10
-59.0,-57.0,-64.0,-56.0,-55.0,-59.0,-59.0,2,10
-60.0,-53.0,-65.0,-57.0,-57.0,-59.0,-59.0,2,10
-60.0,-57.0,-66.0,-56.0,-56.0,-56.0,-58.0,2,10
-60.0,-56.0,-65.0,-59.0,-56.0,-55.0,-58.0,2,10
-59.0,-55.0,-65.0,-56.0,-56.0,-58.0,-61.0,2,10
-59.0,-56.0,-63.0,-58.0,-56.0,-55.0,-58.0,2,10
-59.0,-56.0,-63.0,-60.0,-56.0,-57.0,-58.0,2,10
-59.0,-57.0,-64.0,-58.0,-56.0,-57.0,-58.0,2,10
-58.0,-58.0,-66.0,-57.0,-57.0,-56.0,-58.0,2,10
-59.0,-58.0,-65.0,-56.0,-57.0,-56.0,-60.0,2,10
-59.0,-56.0,-64.0,-58.0,-54.0,-57.0,-56.0,2,10
-59.0,-55.0,-63.0,-56.0,-55.0,-56.0,-62.0,2,10
-59.0,-53.0,-62.0,-55.0,-55.0,-58.0,-58.0,2,10
-59.0,-54.0,-63.0,-53.0,-56.0,-58.0,-59.0,2,10
-55.0,-54.0,-49.0,-53.0,-65.0,-56.0,-52.0,3,10
-55.0,-51.0,-52.0,-52.0,-65.0,-56.0,-53.0,3,10
-55.0,-53.0,-53.0,-54.0,-63.0,-56.0,-53.0,3,10
-55.0,-53.0,-53.0,-53.0,-63.0,-57.0,-51.0,3,10
-55.0,-53.0,-53.0,-52.0,-63.0,-57.0,-53.0,3,10
-55.0,-53.0,-55.0,-53.0,-63.0,-57.0,-52.0,3,10
-55.0,-53.0,-54.0,-54.0,-63.0,-54.0,-53.0,3,10
-55.0,-53.0,-53.0,-54.0,-63.0,-56.0,-54.0,3,10
-55.0,-53.0,-54.0,-51.0,-64.0,-55.0,-51.0,3,10
-55.0,-52.0,-52.0,-54.0,-65.0,-57.0,-54.0,3,10
-55.0,-51.0,-52.0,-54.0,-65.0,-57.0,-51.0,3,10
-55.0,-53.0,-52.0,-54.0,-64.0,-57.0,-54.0,3,10
-55.0,-53.0,-53.0,-53.0,-64.0,-55.0,-53.0,3,10
-55.0,-53.0,-54.0,-53.0,-63.0,-57.0,-54.0,3,10
-55.0,-53.0,-54.0,-54.0,-62.0,-56.0,-53.0,3,10
-55.0,-53.0,-53.0,-54.0,-65.0,-55.0,-53.0,3,10
-55.0,-50.0,-65.0,-53.0,-51.0,-54.0,-56.0,4,10
-55.0,-50.0,-63.0,-51.0,-51.0,-52.0,-56.0,4,10
-55.0,-52.0,-63.0,-53.0,-53.0,-54.0,-55.0,4,10
-55.0,-50.0,-63.0,-53.0,-51.0,-54.0,-56.0,4,10
-54.0,-48.0,-65.0,-51.0,-51.0,-53.0,-55.0,4,10
-54.0,-52.0,-64.0,-53.0,-52.0,-54.0,-55.0,4,10
-55.0,-50.0,-64.0,-53.0,-54.0,-54.0,-55.0,4,10
-55.0,-49.0,-65.0,-54.0,-54.0,-54.0,-55.0,4,10
-55.0,-49.0,-65.0,-54.0,-52.0,-54.0,-55.0,4,10
-55.0,-49.0,-65.0,-53.0,-51.0,-54.0,-55.0,4,10
-55.0,-50.0,-65.0,-52.0,-50.0,-54.0,-55.0,4,10
-54.0,-50.0,-64.0,-53.0,-52.0,-54.0,-55.0,4,10
-55.0,-50.0,-64.0,-53.0,-51.0,-54.0,-55.0,4,10
-55.0,-52.0,-64.0,-53.0,-52.0,-54.0,-55.0,4,10
-55.0,-52.0,-65.0,-53.0,-51.0,-53.0,-56.0,4,10
-55.0,-52.0,-65.0,-52.0,-51.0,-54.0,-55.0,4,10
-60.0,-56.0,-63.0,-58.0,-55.0,-58.0,-48.0,5,10
-60.0,-55.0,-61.0,-61.0,-55.0,-57.0,-49.0,5,10
-60.0,-55.0,-61.0,-61.0,-55.0,-60.0,-47.0,5,10
-60.0,-55.0,-56.0,-56.0,-55.0,-60.0,-48.0,5,10
-61.0,-55.0,-56.0,-61.0,-56.0,-57.0,-48.0,5,10
-60.0,-56.0,-61.0,-57.0,-56.0,-58.0,-48.0,5,10
-60.0,-55.0,-61.0,-60.0,-56.0,-60.0,-48.0,5,10
-60.0,-56.0,-61.0,-61.0,-56.0,-60.0,-48.0,5,10
-60.0,-56.0,-61.0,-58.0,-56.0,-58.0,-48.0,5,10
-60.0,-56.0,-58.0,-58.0,-56.0,-57.0,-48.0,5,10
-60.0,-55.0,-58.0,-61.0,-56.0,-58.0,-48.0,5,10
-60.0,-56.0,-61.0,-61.0,-53.0,-57.0,-47.0,5,10
-60.0,-54.0,-62.0,-56.0,-57.0,-58.0,-48.0,5,10
-60.0,-56.0,-59.0,-58.0,-56.0,-60.0,-48.0,5,10
-60.0,-55.0,-62.0,-61.0,-55.0,-60.0,-48.0,5,10
-58.0,-56.0,-59.0,-61.0,-57.0,-60.0,-48.0,5,10
-58.0,-55.0,-50.0,-50.0,-54.0,-53.0,-62.0,6,10
-58.0,-55.0,-50.0,-51.0,-55.0,-52.0,-62.0,6,10
-58.0,-57.0,-52.0,-53.0,-54.0,-52.0,-62.0,6,10
-59.0,-55.0,-51.0,-53.0,-56.0,-53.0,-64.0,6,10
-58.0,-57.0,-52.0,-52.0,-56.0,-52.0,-63.0,6,10
-58.0,-56.0,-51.0,-50.0,-55.0,-52.0,-63.0,6,10
-58.0,-54.0,-51.0,-53.0,-56.0,-52.0,-65.0,6,10
-58.0,-55.0,-50.0,-53.0,-54.0,-53.0,-63.0,6,10
-58.0,-54.0,-51.0,-54.0,-55.0,-53.0,-62.0,6,10
-57.0,-57.0,-51.0,-53.0,-54.0,-53.0,-62.0,6,10
-58.0,-54.0,-50.0,-49.0,-55.0,-53.0,-62.0,6,10
-58.0,-54.0,-51.0,-51.0,-55.0,-53.0,-62.0,6,10
-58.0,-56.0,-52.0,-53.0,-55.0,-55.0,-64.0,6,10
-58.0,-54.0,-51.0,-50.0,-54.0,-53.0,-65.0,6,10
-58.0,-55.0,-49.0,-53.0,-55.0,-53.0,-62.0,6,10
-58.0,-55.0,-51.0,-53.0,-55.0,-53.0,-63.0,6,10
-55.0,-52.0,-53.0,-56.0,-57.0,-52.0,-52.0,1,11
-56.0,-50.0,-54.0,-51.0,-58.0,-52.0,-53.0,1,11
-56.0,-53.0,-54.0,-56.0,-55.0,-57.0,-52.0,1,11
-56.0,-53.0,-54.0,-52.0,-55.0,-56.0,-50.0,1,11
-55.0,-51.0,-51.0,-57.0,-55.0,-51.0,-52.0,1,11
-55.0,-50.0,-50.0,-56.0,-56.0,-52.0,-50.0,1,11
-56.0,-54.0,-52.0,-56.0,-56.0,-59.0,-54.0,1,11
-56.0,-54.0,-52.0,-52.0,-57.0,-56.0,-50.0,1,11
-55.0,-57.0,-52.0,-59.0,-57.0,-55.0,-52.0,1,11
-55.0,-57.0,-52.0,-56.0,-57.0,-56.0,-52.0,1,11
-54.0,-57.0,-51.0,-53.0,-57.0,-54.0,-50.0,1,11
-56.0,-57.0,-50.0,-57.0,-58.0,-56.0,-51.0,1,11
-56.0,-52.0,-54.0,-59.0,-56.0,-55.0,-51.0,1,11
-58.0,-56.0,-51.0,-62.0,-56.0,-57.0,-54.0,1,11
-57.0,-58.0,-51.0,-56.0,-59.0,-56.0,-53.0,1,11
-57.0,-58.0,-49.0,-58.0,-55.0,-56.0,-54.0,1,11
-59.0,-53.0,-57.0,-63.0,-60.0,-55.0,-63.0,2,11
-59.0,-53.0,-57.0,-60.0,-60.0,-53.0,-62.0,2,11
-59.0,-53.0,-58.0,-59.0,-57.0,-52.0,-61.0,2,11
-58.0,-53.0,-56.0,-60.0,-60.0,-54.0,-62.0,2,11
-57.0,-53.0,-58.0,-61.0,-60.0,-55.0,-62.0,2,11
-59.0,-54.0,-57.0,-58.0,-57.0,-52.0,-62.0,2,11
-58.0,-56.0,-56.0,-62.0,-61.0,-55.0,-63.0,2,11
-58.0,-55.0,-58.0,-58.0,-56.0,-54.0,-63.0,2,11
-58.0,-53.0,-56.0,-56.0,-60.0,-55.0,-65.0,2,11
-58.0,-55.0,-57.0,-56.0,-60.0,-55.0,-65.0,2,11
-58.0,-54.0,-58.0,-58.0,-58.0,-54.0,-61.0,2,11
-58.0,-54.0,-58.0,-56.0,-59.0,-54.0,-61.0,2,11
-58.0,-54.0,-58.0,-59.0,-59.0,-55.0,-61.0,2,11
-58.0,-54.0,-58.0,-56.0,-58.0,-54.0,-61.0,2,11
-58.0,-53.0,-56.0,-58.0,-58.0,-54.0,-61.0,2,11
-58.0,-52.0,-58.0,-61.0,-59.0,-53.0,-62.0,2,11
-58.0,-51.0,-57.0,-57.0,-56.0,-62.0,-48.0,3,11
-58.0,-53.0,-57.0,-59.0,-55.0,-60.0,-50.0,3,11
-57.0,-50.0,-57.0,-59.0,-61.0,-62.0,-49.0,3,11
-57.0,-51.0,-54.0,-56.0,-58.0,-61.0,-49.0,3,11
-57.0,-52.0,-57.0,-59.0,-55.0,-62.0,-49.0,3,11
-58.0,-53.0,-58.0,-57.0,-57.0,-63.0,-48.0,3,11
-59.0,-53.0,-56.0,-58.0,-57.0,-61.0,-50.0,3,11
-60.0,-52.0,-57.0,-57.0,-58.0,-62.0,-47.0,3,11
-59.0,-52.0,-55.0,-58.0,-58.0,-64.0,-50.0,3,11
-58.0,-52.0,-56.0,-59.0,-58.0,-62.0,-49.0,3,11
-58.0,-52.0,-55.0,-58.0,-58.0,-62.0,-50.0,3,11
-58.0,-52.0,-58.0,-58.0,-58.0,-59.0,-52.0,3,11
-59.0,-53.0,-57.0,-60.0,-58.0,-60.0,-50.0,3,11
-59.0,-53.0,-57.0,-56.0,-59.0,-61.0,-50.0,3,11
-60.0,-54.0,-57.0,-57.0,-55.0,-62.0,-49.0,3,11
-58.0,-52.0,-57.0,-59.0,-58.0,-61.0,-50.0,3,11
-56.0,-54.0,-60.0,-55.0,-56.0,-67.0,-52.0,4,11
-58.0,-52.0,-61.0,-57.0,-56.0,-68.0,-50.0,4,11
-58.0,-53.0,-61.0,-56.0,-56.0,-69.0,-52.0,4,11
-58.0,-55.0,-61.0,-56.0,-59.0,-68.0,-51.0,4,11
-58.0,-54.0,-62.0,-57.0,-58.0,-70.0,-49.0,4,11
-58.0,-55.0,-62.0,-56.0,-55.0,-69.0,-51.0,4,11
-58.0,-53.0,-60.0,-57.0,-57.0,-69.0,-50.0,4,11
-58.0,-55.0,-60.0,-56.0,-59.0,-66.0,-53.0,4,11
-58.0,-54.0,-61.0,-58.0,-59.0,-69.0,-51.0,4,11
-57.0,-55.0,-61.0,-56.0,-59.0,-68.0,-52.0,4,11
-58.0,-54.0,-59.0,-57.0,-56.0,-68.0,-52.0,4,11
-58.0,-52.0,-60.0,-57.0,-56.0,-71.0,-51.0,4,11
-58.0,-53.0,-62.0,-56.0,-56.0,-68.0,-52.0,4,11
-58.0,-55.0,-62.0,-57.0,-57.0,-69.0,-51.0,4,11
-58.0,-53.0,-61.0,-57.0,-56.0,-69.0,-51.0,4,11
-58.0,-53.0,-61.0,-56.0,-57.0,-68.0,-52.0,4,11
-59.0,-57.0,-58.0,-61.0,-63.0,-59.0,-58.0,5,11
-59.0,-57.0,-58.0,-61.0,-63.0,-54.0,-57.0,5,11
-59.0,-58.0,-58.0,-61.0,-62.0,-54.0,-57.0,5,11
-60.0,-56.0,-58.0,-60.0,-62.0,-59.0,-57.0,5,11
-59.0,-54.0,-58.0,-61.0,-61.0,-54.0,-56.0,5,11
-59.0,-56.0,-58.0,-61.0,-63.0,-56.0,-54.0,5,11
-59.0,-56.0,-57.0,-61.0,-63.0,-58.0,-56.0,5,11
-59.0,-56.0,-57.0,-61.0,-61.0,-58.0,-58.0,5,11
-59.0,-57.0,-56.0,-61.0,-62.0,-58.0,-58.0,5,11
-59.0,-55.0,-59.0,-61.0,-63.0,-59.0,-58.0,5,11
-59.0,-55.0,-57.0,-62.0,-63.0,-57.0,-57.0,5,11
-59.0,-56.0,-57.0,-63.0,-63.0,-59.0,-56.0,5,11
-59.0,-55.0,-57.0,-61.0,-62.0,-56.0,-56.0,5,11
-60.0,-57.0,-56.0,-62.0,-61.0,-59.0,-56.0,5,11
-59.0,-55.0,-58.0,-61.0,-63.0,-60.0,-56.0,5,11
-59.0,-57.0,-58.0,-61.0,-63.0,-57.0,-56.0,5,11
-59.0,-57.0,-56.0,-51.0,-56.0,-53.0,-58.0,6,11
-59.0,-55.0,-55.0,-51.0,-52.0,-53.0,-58.0,6,11
-60.0,-57.0,-55.0,-51.0,-55.0,-53.0,-57.0,6,11
-58.0,-58.0,-54.0,-51.0,-54.0,-53.0,-58.0,6,11
-60.0,-58.0,-56.0,-51.0,-53.0,-53.0,-57.0,6,11
-59.0,-59.0,-56.0,-50.0,-54.0,-53.0,-58.0,6,11
-59.0,-59.0,-56.0,-51.0,-54.0,-53.0,-58.0,6,11
-59.0,-59.0,-55.0,-52.0,-52.0,-53.0,-58.0,6,11
-59.0,-59.0,-56.0,-51.0,-53.0,-52.0,-57.0,6,11
-57.0,-57.0,-56.0,-49.0,-55.0,-53.0,-56.0,6,11
-59.0,-57.0,-55.0,-48.0,-56.0,-53.0,-57.0,6,11
-59.0,-56.0,-56.0,-51.0,-53.0,-53.0,-58.0,6,11
-59.0,-59.0,-56.0,-48.0,-53.0,-53.0,-57.0,6,11
-59.0,-57.0,-57.0,-50.0,-53.0,-53.0,-58.0,6,11
-59.0,-57.0,-56.0,-48.0,-53.0,-53.0,-60.0,6,11
-59.0,-59.0,-56.0,-53.0,-57.0,-52.0,-57.0,6,11
-59.0,-54.0,-53.0,-57.0,-50.0,-56.0,-55.0,1,12
-60.0,-52.0,-56.0,-59.0,-54.0,-55.0,-56.0,1,12
-58.0,-54.0,-55.0,-59.0,-52.0,-57.0,-58.0,1,12
-59.0,-53.0,-56.0,-58.0,-54.0,-57.0,-56.0,1,12
-60.0,-53.0,-57.0,-59.0,-53.0,-57.0,-57.0,1,12
-59.0,-53.0,-55.0,-57.0,-54.0,-59.0,-56.0,1,12
-59.0,-54.0,-55.0,-60.0,-53.0,-57.0,-55.0,1,12
-60.0,-54.0,-55.0,-59.0,-50.0,-57.0,-57.0,1,12
-59.0,-53.0,-56.0,-59.0,-50.0,-58.0,-54.0,1,12
-59.0,-53.0,-56.0,-58.0,-53.0,-58.0,-55.0,1,12
-59.0,-53.0,-57.0,-58.0,-51.0,-59.0,-58.0,1,12
-59.0,-51.0,-55.0,-59.0,-51.0,-58.0,-55.0,1,12
-58.0,-53.0,-55.0,-58.0,-50.0,-55.0,-55.0,1,12
-58.0,-54.0,-55.0,-59.0,-54.0,-58.0,-56.0,1,12
-59.0,-53.0,-57.0,-59.0,-54.0,-57.0,-55.0,1,12
-59.0,-52.0,-55.0,-59.0,-53.0,-57.0,-54.0,1,12
-61.0,-57.0,-52.0,-61.0,-57.0,-50.0,-57.0,2,12
-60.0,-57.0,-51.0,-62.0,-58.0,-51.0,-56.0,2,12
-59.0,-59.0,-52.0,-61.0,-55.0,-51.0,-58.0,2,12
-61.0,-57.0,-54.0,-62.0,-58.0,-51.0,-56.0,2,12
-60.0,-58.0,-52.0,-62.0,-56.0,-49.0,-58.0,2,12
-61.0,-58.0,-50.0,-62.0,-57.0,-50.0,-57.0,2,12
-61.0,-59.0,-52.0,-61.0,-57.0,-50.0,-56.0,2,12
-61.0,-59.0,-51.0,-62.0,-58.0,-50.0,-60.0,2,12
-61.0,-58.0,-51.0,-63.0,-57.0,-50.0,-57.0,2,12
-61.0,-57.0,-52.0,-62.0,-56.0,-49.0,-56.0,2,12
-60.0,-57.0,-51.0,-62.0,-57.0,-51.0,-56.0,2,12
-61.0,-58.0,-52.0,-62.0,-57.0,-50.0,-56.0,2,12
-62.0,-58.0,-51.0,-63.0,-57.0,-50.0,-59.0,2,12
-61.0,-57.0,-50.0,-59.0,-57.0,-51.0,-54.0,2,12
-61.0,-59.0,-52.0,-62.0,-57.0,-49.0,-58.0,2,12
-61.0,-58.0,-54.0,-61.0,-57.0,-50.0,-58.0,2,12
-53.0,-59.0,-55.0,-56.0,-62.0,-57.0,-59.0,3,12
-53.0,-59.0,-56.0,-54.0,-62.0,-57.0,-59.0,3,12
-54.0,-59.0,-57.0,-55.0,-62.0,-57.0,-59.0,3,12
-54.0,-59.0,-57.0,-57.0,-62.0,-57.0,-58.0,3,12
-54.0,-59.0,-57.0,-53.0,-63.0,-57.0,-55.0,3,12
-54.0,-59.0,-57.0,-56.0,-62.0,-58.0,-58.0,3,12
-54.0,-59.0,-58.0,-57.0,-62.0,-55.0,-54.0,3,12
-54.0,-59.0,-56.0,-56.0,-62.0,-58.0,-59.0,3,12
-54.0,-59.0,-57.0,-54.0,-62.0,-57.0,-59.0,3,12
-54.0,-58.0,-56.0,-54.0,-62.0,-58.0,-57.0,3,12
-53.0,-59.0,-57.0,-54.0,-61.0,-57.0,-58.0,3,12
-52.0,-59.0,-57.0,-54.0,-63.0,-59.0,-56.0,3,12
-52.0,-59.0,-56.0,-56.0,-61.0,-57.0,-57.0,3,12
-54.0,-59.0,-57.0,-56.0,-63.0,-58.0,-59.0,3,12
-54.0,-59.0,-57.0,-57.0,-63.0,-58.0,-60.0,3,12
-54.0,-59.0,-57.0,-57.0,-62.0,-57.0,-59.0,3,12
-60.0,-56.0,-50.0,-67.0,-64.0,-63.0,-52.0,4,12
-60.0,-56.0,-49.0,-67.0,-64.0,-63.0,-52.0,4,12
-60.0,-56.0,-49.0,-67.0,-64.0,-63.0,-52.0,4,12
-59.0,-56.0,-50.0,-67.0,-63.0,-63.0,-54.0,4,12
-60.0,-58.0,-49.0,-65.0,-64.0,-63.0,-52.0,4,12
-60.0,-56.0,-49.0,-67.0,-64.0,-63.0,-52.0,4,12
-60.0,-58.0,-49.0,-67.0,-64.0,-62.0,-54.0,4,12
-60.0,-56.0,-49.0,-65.0,-64.0,-63.0,-52.0,4,12
-60.0,-58.0,-49.0,-67.0,-64.0,-62.0,-52.0,4,12
-60.0,-58.0,-49.0,-67.0,-64.0,-62.0,-52.0,4,12
-60.0,-56.0,-49.0,-67.0,-64.0,-63.0,-52.0,4,12
-60.0,-58.0,-49.0,-67.0,-63.0,-61.0,-52.0,4,12
-60.0,-56.0,-49.0,-67.0,-63.0,-62.0,-54.0,4,12
-60.0,-58.0,-48.0,-67.0,-65.0,-65.0,-52.0,4,12
-60.0,-55.0,-51.0,-67.0,-63.0,-62.0,-54.0,4,12
-60.0,-57.0,-49.0,-67.0,-64.0,-63.0,-52.0,4,12
-57.0,-57.0,-57.0,-57.0,-55.0,-55.0,-55.0,5,12
-57.0,-57.0,-57.0,-56.0,-54.0,-52.0,-53.0,5,12
-57.0,-57.0,-57.0,-57.0,-57.0,-55.0,-55.0,5,12
-57.0,-57.0,-61.0,-57.0,-57.0,-55.0,-53.0,5,12
-57.0,-57.0,-59.0,-56.0,-56.0,-55.0,-53.0,5,12
-57.0,-57.0,-59.0,-57.0,-57.0,-55.0,-53.0,5,12
-57.0,-57.0,-59.0,-56.0,-57.0,-52.0,-52.0,5,12
-55.0,-56.0,-57.0,-57.0,-56.0,-55.0,-55.0,5,12
-57.0,-57.0,-59.0,-57.0,-56.0,-56.0,-55.0,5,12
-57.0,-57.0,-59.0,-57.0,-57.0,-55.0,-55.0,5,12
-57.0,-57.0,-59.0,-58.0,-57.0,-54.0,-55.0,5,12
-57.0,-57.0,-58.0,-57.0,-57.0,-52.0,-53.0,5,12
-57.0,-55.0,-60.0,-56.0,-57.0,-55.0,-55.0,5,12
-57.0,-57.0,-59.0,-57.0,-56.0,-53.0,-55.0,5,12
-57.0,-57.0,-60.0,-58.0,-57.0,-54.0,-55.0,5,12
-57.0,-57.0,-59.0,-57.0,-56.0,-55.0,-55.0,5,12
-59.0,-59.0,-57.0,-57.0,-56.0,-56.0,-55.0,6,12
-59.0,-59.0,-57.0,-56.0,-57.0,-53.0,-55.0,6,12
-58.0,-59.0,-58.0,-56.0,-56.0,-54.0,-54.0,6,12
-56.0,-59.0,-57.0,-56.0,-57.0,-53.0,-52.0,6,12
-58.0,-59.0,-60.0,-56.0,-57.0,-55.0,-52.0,6,12
-58.0,-59.0,-58.0,-57.0,-56.0,-54.0,-52.0,6,12
-57.0,-59.0,-58.0,-56.0,-54.0,-55.0,-54.0,6,12
-57.0,-59.0,-57.0,-55.0,-56.0,-55.0,-54.0,6,12
-58.0,-59.0,-57.0,-55.0,-55.0,-53.0,-55.0,6,12
-58.0,-57.0,-56.0,-56.0,-57.0,-55.0,-52.0,6,12
-59.0,-58.0,-57.0,-57.0,-55.0,-53.0,-55.0,6,12
-58.0,-59.0,-58.0,-56.0,-57.0,-55.0,-55.0,6,12
-58.0,-59.0,-57.0,-56.0,-56.0,-53.0,-53.0,6,12
-58.0,-59.0,-57.0,-56.0,-56.0,-55.0,-53.0,6,12
-58.0,-59.0,-57.0,-57.0,-56.0,-54.0,-50.0,6,12
-58.0,-59.0,-59.0,-55.0,-58.0,-56.0,-55.0,6,12
-58.0,-56.0,-56.0,-54.0,-54.0,-47.0,-55.0,1,13
-59.0,-54.0,-54.0,-52.0,-55.0,-48.0,-55.0,1,13
-58.0,-55.0,-53.0,-61.0,-56.0,-46.0,-54.0,1,13
-60.0,-55.0,-55.0,-59.0,-55.0,-47.0,-54.0,1,13
-58.0,-54.0,-55.0,-61.0,-54.0,-47.0,-54.0,1,13
-58.0,-55.0,-55.0,-60.0,-54.0,-46.0,-54.0,1,13
-60.0,-56.0,-54.0,-59.0,-54.0,-47.0,-57.0,1,13
-54.0,-56.0,-57.0,-58.0,-53.0,-47.0,-57.0,1,13
-56.0,-55.0,-55.0,-60.0,-52.0,-47.0,-58.0,1,13
-57.0,-56.0,-54.0,-52.0,-52.0,-48.0,-56.0,1,13
-56.0,-55.0,-55.0,-59.0,-55.0,-47.0,-57.0,1,13
-58.0,-56.0,-53.0,-58.0,-54.0,-47.0,-57.0,1,13
-58.0,-55.0,-56.0,-51.0,-54.0,-47.0,-55.0,1,13
-54.0,-53.0,-55.0,-51.0,-53.0,-47.0,-57.0,1,13
-55.0,-55.0,-55.0,-51.0,-55.0,-47.0,-55.0,1,13
-59.0,-55.0,-52.0,-57.0,-54.0,-47.0,-55.0,1,13
-59.0,-61.0,-55.0,-62.0,-59.0,-55.0,-55.0,2,13
-61.0,-59.0,-57.0,-61.0,-59.0,-56.0,-56.0,2,13
-60.0,-60.0,-55.0,-58.0,-59.0,-54.0,-60.0,2,13
-60.0,-60.0,-56.0,-62.0,-56.0,-56.0,-57.0,2,13
-60.0,-60.0,-56.0,-63.0,-57.0,-54.0,-55.0,2,13
-62.0,-61.0,-55.0,-63.0,-56.0,-54.0,-56.0,2,13
-61.0,-61.0,-56.0,-58.0,-57.0,-54.0,-56.0,2,13
-61.0,-61.0,-55.0,-57.0,-58.0,-53.0,-55.0,2,13
-60.0,-60.0,-56.0,-61.0,-53.0,-53.0,-58.0,2,13
-59.0,-59.0,-58.0,-60.0,-59.0,-56.0,-56.0,2,13
-60.0,-59.0,-56.0,-57.0,-59.0,-58.0,-56.0,2,13
-58.0,-60.0,-54.0,-59.0,-58.0,-58.0,-57.0,2,13
-61.0,-58.0,-54.0,-59.0,-58.0,-53.0,-53.0,2,13
-60.0,-60.0,-55.0,-59.0,-57.0,-53.0,-56.0,2,13
-61.0,-60.0,-56.0,-62.0,-56.0,-53.0,-60.0,2,13
-59.0,-59.0,-53.0,-57.0,-56.0,-55.0,-56.0,2,13
-59.0,-59.0,-52.0,-58.0,-59.0,-60.0,-57.0,3,13
-58.0,-60.0,-51.0,-54.0,-57.0,-61.0,-55.0,3,13
-58.0,-60.0,-53.0,-58.0,-59.0,-60.0,-56.0,3,13
-58.0,-61.0,-53.0,-58.0,-60.0,-61.0,-57.0,3,13
-58.0,-61.0,-53.0,-58.0,-60.0,-61.0,-56.0,3,13
-58.0,-61.0,-51.0,-58.0,-57.0,-61.0,-57.0,3,13
-58.0,-58.0,-53.0,-58.0,-61.0,-61.0,-57.0,3,13
-58.0,-60.0,-52.0,-57.0,-62.0,-61.0,-57.0,3,13
-57.0,-60.0,-50.0,-58.0,-62.0,-61.0,-55.0,3,13
-58.0,-60.0,-54.0,-55.0,-60.0,-61.0,-56.0,3,13
-58.0,-60.0,-53.0,-55.0,-60.0,-61.0,-55.0,3,13
-58.0,-61.0,-53.0,-57.0,-60.0,-61.0,-57.0,3,13
-58.0,-60.0,-53.0,-55.0,-60.0,-61.0,-57.0,3,13
-58.0,-60.0,-53.0,-59.0,-59.0,-61.0,-55.0,3,13
-58.0,-60.0,-51.0,-57.0,-60.0,-61.0,-57.0,3,13
-59.0,-60.0,-50.0,-57.0,-58.0,-60.0,-57.0,3,13
-61.0,-56.0,-59.0,-61.0,-64.0,-53.0,-55.0,4,13
-61.0,-56.0,-59.0,-62.0,-63.0,-53.0,-57.0,4,13
-62.0,-56.0,-57.0,-61.0,-65.0,-52.0,-56.0,4,13
-61.0,-56.0,-57.0,-61.0,-64.0,-53.0,-56.0,4,13
-62.0,-56.0,-60.0,-60.0,-65.0,-52.0,-55.0,4,13
-62.0,-55.0,-57.0,-62.0,-65.0,-53.0,-56.0,4,13
-61.0,-56.0,-59.0,-62.0,-65.0,-52.0,-56.0,4,13
-62.0,-57.0,-56.0,-62.0,-63.0,-53.0,-56.0,4,13
-61.0,-56.0,-60.0,-61.0,-65.0,-52.0,-56.0,4,13
-62.0,-56.0,-59.0,-62.0,-64.0,-52.0,-54.0,4,13
-61.0,-56.0,-57.0,-62.0,-65.0,-53.0,-55.0,4,13
-61.0,-55.0,-58.0,-62.0,-65.0,-53.0,-56.0,4,13
-61.0,-56.0,-58.0,-61.0,-64.0,-53.0,-56.0,4,13
-61.0,-56.0,-56.0,-61.0,-64.0,-53.0,-54.0,4,13
-61.0,-56.0,-57.0,-61.0,-63.0,-53.0,-54.0,4,13
-62.0,-55.0,-57.0,-62.0,-64.0,-52.0,-56.0,4,13
-57.0,-58.0,-47.0,-65.0,-54.0,-60.0,-57.0,5,13
-57.0,-59.0,-46.0,-55.0,-54.0,-55.0,-58.0,5,13
-57.0,-59.0,-47.0,-62.0,-53.0,-55.0,-57.0,5,13
-57.0,-59.0,-47.0,-62.0,-53.0,-55.0,-57.0,5,13
-58.0,-59.0,-47.0,-59.0,-55.0,-56.0,-57.0,5,13
-57.0,-59.0,-47.0,-56.0,-55.0,-59.0,-56.0,5,13
-57.0,-59.0,-49.0,-56.0,-53.0,-59.0,-57.0,5,13
-57.0,-60.0,-47.0,-61.0,-54.0,-59.0,-58.0,5,13
-57.0,-59.0,-47.0,-63.0,-54.0,-59.0,-57.0,5,13
-57.0,-59.0,-47.0,-63.0,-54.0,-59.0,-57.0,5,13
-57.0,-60.0,-45.0,-65.0,-54.0,-59.0,-57.0,5,13
-58.0,-59.0,-48.0,-64.0,-53.0,-59.0,-57.0,5,13
-56.0,-59.0,-47.0,-56.0,-55.0,-55.0,-59.0,5,13
-57.0,-59.0,-45.0,-56.0,-54.0,-59.0,-57.0,5,13
-58.0,-59.0,-47.0,-62.0,-55.0,-58.0,-57.0,5,13
-57.0,-59.0,-47.0,-63.0,-54.0,-59.0,-57.0,5,13
-60.0,-59.0,-52.0,-62.0,-56.0,-56.0,-58.0,6,13
-61.0,-59.0,-52.0,-61.0,-59.0,-55.0,-57.0,6,13
-59.0,-59.0,-50.0,-58.0,-55.0,-56.0,-57.0,6,13
-58.0,-61.0,-54.0,-57.0,-54.0,-54.0,-57.0,6,13
-58.0,-61.0,-53.0,-60.0,-56.0,-57.0,-58.0,6,13
-59.0,-61.0,-52.0,-60.0,-56.0,-60.0,-57.0,6,13
-60.0,-62.0,-53.0,-61.0,-55.0,-57.0,-56.0,6,13
-58.0,-58.0,-49.0,-61.0,-54.0,-57.0,-58.0,6,13
-58.0,-59.0,-50.0,-58.0,-56.0,-59.0,-57.0,6,13
-57.0,-61.0,-52.0,-54.0,-54.0,-59.0,-57.0,6,13
-58.0,-59.0,-51.0,-57.0,-55.0,-55.0,-57.0,6,13
-57.0,-60.0,-52.0,-57.0,-52.0,-54.0,-57.0,6,13
-57.0,-61.0,-52.0,-58.0,-53.0,-52.0,-57.0,6,13
-57.0,-60.0,-49.0,-58.0,-56.0,-56.0,-57.0,6,13
-57.0,-60.0,-52.0,-62.0,-54.0,-56.0,-57.0,6,13
-57.0,-60.0,-52.0,-58.0,-53.0,-57.0,-58.0,6,13
-60.0,-58.0,-55.0,-62.0,-61.0,-53.0,-59.0,2,14
-59.0,-57.0,-55.0,-60.0,-60.0,-56.0,-59.0,2,14
-58.0,-57.0,-55.0,-59.0,-59.0,-55.0,-59.0,2,14
-58.0,-56.0,-57.0,-61.0,-65.0,-52.0,-59.0,2,14
-59.0,-57.0,-63.0,-61.0,-62.0,-57.0,-60.0,2,14
-57.0,-56.0,-59.0,-61.0,-60.0,-58.0,-60.0,2,14
-59.0,-57.0,-63.0,-58.0,-60.0,-57.0,-59.0,2,14
-56.0,-57.0,-62.0,-60.0,-61.0,-57.0,-59.0,2,14
-58.0,-56.0,-63.0,-62.0,-61.0,-55.0,-61.0,2,14
-58.0,-57.0,-61.0,-60.0,-65.0,-53.0,-59.0,2,14
-57.0,-57.0,-61.0,-60.0,-66.0,-53.0,-59.0,2,14
-58.0,-54.0,-59.0,-58.0,-62.0,-54.0,-58.0,2,14
-58.0,-57.0,-61.0,-58.0,-64.0,-54.0,-58.0,2,14
-59.0,-56.0,-61.0,-61.0,-64.0,-52.0,-59.0,2,14
-58.0,-57.0,-58.0,-61.0,-62.0,-53.0,-59.0,2,14
-58.0,-57.0,-59.0,-59.0,-62.0,-52.0,-56.0,2,14
-58.0,-51.0,-58.0,-52.0,-59.0,-56.0,-63.0,3,14
-57.0,-52.0,-57.0,-52.0,-60.0,-58.0,-63.0,3,14
-56.0,-53.0,-57.0,-52.0,-59.0,-58.0,-63.0,3,14
-58.0,-52.0,-59.0,-52.0,-57.0,-58.0,-64.0,3,14
-58.0,-52.0,-58.0,-52.0,-59.0,-55.0,-65.0,3,14
-57.0,-53.0,-58.0,-54.0,-59.0,-57.0,-64.0,3,14
-57.0,-53.0,-58.0,-52.0,-59.0,-54.0,-63.0,3,14
-58.0,-52.0,-59.0,-50.0,-59.0,-55.0,-64.0,3,14
-57.0,-52.0,-57.0,-52.0,-59.0,-57.0,-63.0,3,14
-57.0,-53.0,-60.0,-52.0,-60.0,-56.0,-63.0,3,14
-58.0,-51.0,-59.0,-52.0,-59.0,-57.0,-63.0,3,14
-58.0,-53.0,-59.0,-52.0,-59.0,-59.0,-63.0,3,14
-56.0,-53.0,-55.0,-52.0,-59.0,-58.0,-63.0,3,14
-56.0,-53.0,-58.0,-52.0,-59.0,-57.0,-63.0,3,14
-58.0,-52.0,-56.0,-51.0,-59.0,-58.0,-63.0,3,14
-58.0,-53.0,-58.0,-52.0,-59.0,-55.0,-63.0,3,14
-61.0,-56.0,-58.0,-65.0,-55.0,-47.0,-61.0,4,14
-61.0,-55.0,-60.0,-58.0,-56.0,-46.0,-61.0,4,14
-61.0,-56.0,-58.0,-59.0,-55.0,-46.0,-62.0,4,14
-61.0,-56.0,-59.0,-59.0,-54.0,-47.0,-61.0,4,14
-61.0,-56.0,-60.0,-59.0,-52.0,-46.0,-61.0,4,14
-61.0,-55.0,-58.0,-64.0,-53.0,-47.0,-61.0,4,14
-62.0,-55.0,-59.0,-59.0,-55.0,-47.0,-64.0,4,14
-61.0,-56.0,-60.0,-65.0,-52.0,-47.0,-63.0,4,14
-61.0,-55.0,-59.0,-63.0,-55.0,-46.0,-56.0,4,14
-61.0,-56.0,-59.0,-64.0,-55.0,-47.0,-56.0,4,14
-61.0,-56.0,-56.0,-58.0,-56.0,-47.0,-61.0,4,14
-61.0,-56.0,-55.0,-58.0,-55.0,-47.0,-62.0,4,14
-62.0,-56.0,-57.0,-65.0,-55.0,-46.0,-61.0,4,14
-61.0,-56.0,-56.0,-57.0,-54.0,-47.0,-66.0,4,14
-61.0,-56.0,-58.0,-64.0,-55.0,-46.0,-61.0,4,14
-61.0,-56.0,-56.0,-64.0,-55.0,-46.0,-63.0,4,14
-53.0,-52.0,-59.0,-57.0,-54.0,-53.0,-58.0,5,14
-55.0,-51.0,-56.0,-57.0,-56.0,-54.0,-59.0,5,14
-55.0,-52.0,-59.0,-57.0,-57.0,-54.0,-59.0,5,14
-56.0,-51.0,-59.0,-56.0,-55.0,-52.0,-59.0,5,14
-55.0,-52.0,-56.0,-57.0,-56.0,-52.0,-58.0,5,14
-55.0,-51.0,-57.0,-56.0,-56.0,-55.0,-59.0,5,14
-56.0,-51.0,-59.0,-57.0,-55.0,-54.0,-58.0,5,14
-55.0,-53.0,-59.0,-56.0,-56.0,-52.0,-61.0,5,14
-55.0,-52.0,-60.0,-56.0,-53.0,-54.0,-61.0,5,14
-55.0,-53.0,-59.0,-56.0,-56.0,-54.0,-59.0,5,14
-55.0,-52.0,-59.0,-56.0,-54.0,-55.0,-58.0,5,14
-55.0,-53.0,-58.0,-56.0,-54.0,-52.0,-58.0,5,14
-55.0,-54.0,-58.0,-56.0,-56.0,-52.0,-58.0,5,14
-55.0,-53.0,-56.0,-57.0,-55.0,-54.0,-58.0,5,14
-55.0,-53.0,-59.0,-56.0,-56.0,-51.0,-60.0,5,14
-56.0,-52.0,-58.0,-56.0,-57.0,-54.0,-58.0,5,14
-61.0,-61.0,-57.0,-60.0,-58.0,-59.0,-62.0,6,14
-61.0,-61.0,-57.0,-61.0,-55.0,-55.0,-63.0,6,14
-61.0,-61.0,-58.0,-63.0,-56.0,-60.0,-62.0,6,14
-59.0,-61.0,-58.0,-61.0,-59.0,-59.0,-63.0,6,14
-61.0,-58.0,-57.0,-61.0,-56.0,-59.0,-62.0,6,14
-62.0,-61.0,-58.0,-58.0,-58.0,-58.0,-63.0,6,14
-61.0,-61.0,-57.0,-61.0,-59.0,-55.0,-63.0,6,14
-59.0,-59.0,-58.0,-61.0,-58.0,-59.0,-63.0,6,14
-60.0,-60.0,-57.0,-62.0,-56.0,-59.0,-62.0,6,14
-61.0,-61.0,-57.0,-60.0,-58.0,-59.0,-62.0,6,14
-60.0,-61.0,-56.0,-61.0,-55.0,-60.0,-62.0,6,14
-59.0,-61.0,-59.0,-60.0,-56.0,-56.0,-62.0,6,14
-61.0,-61.0,-56.0,-60.0,-55.0,-59.0,-63.0,6,14
-61.0,-61.0,-57.0,-62.0,-58.0,-59.0,-63.0,6,14
-61.0,-59.0,-55.0,-63.0,-59.0,-60.0,-62.0,6,14
-61.0,-60.0,-56.0,-61.0,-57.0,-60.0,-63.0,6,14
-59.0,-57.0,-46.0,-53.0,-56.0,-51.0,-53.0,1,15
-59.0,-59.0,-48.0,-53.0,-55.0,-50.0,-55.0,1,15
-59.0,-59.0,-48.0,-53.0,-54.0,-49.0,-53.0,1,15
-59.0,-59.0,-47.0,-54.0,-54.0,-50.0,-52.0,1,15
-59.0,-60.0,-49.0,-55.0,-55.0,-49.0,-54.0,1,15
-58.0,-59.0,-49.0,-56.0,-57.0,-50.0,-53.0,1,15
-60.0,-61.0,-49.0,-55.0,-57.0,-49.0,-55.0,1,15
-59.0,-60.0,-48.0,-55.0,-54.0,-50.0,-55.0,1,15
-57.0,-60.0,-48.0,-55.0,-55.0,-53.0,-54.0,1,15
-59.0,-59.0,-48.0,-51.0,-55.0,-53.0,-54.0,1,15
-59.0,-60.0,-49.0,-52.0,-53.0,-52.0,-51.0,1,15
-58.0,-60.0,-49.0,-53.0,-55.0,-51.0,-56.0,1,15
-58.0,-59.0,-50.0,-54.0,-55.0,-49.0,-55.0,1,15
-58.0,-58.0,-49.0,-54.0,-54.0,-49.0,-53.0,1,15
-58.0,-60.0,-48.0,-53.0,-56.0,-48.0,-54.0,1,15
-58.0,-59.0,-49.0,-50.0,-52.0,-50.0,-54.0,1,15
-62.0,-53.0,-54.0,-61.0,-64.0,-59.0,-61.0,2,15
-62.0,-54.0,-53.0,-60.0,-66.0,-59.0,-62.0,2,15
-61.0,-55.0,-54.0,-61.0,-66.0,-59.0,-58.0,2,15
-62.0,-56.0,-53.0,-60.0,-66.0,-59.0,-61.0,2,15
-62.0,-55.0,-55.0,-61.0,-66.0,-59.0,-62.0,2,15
-61.0,-53.0,-54.0,-59.0,-66.0,-61.0,-60.0,2,15
-61.0,-54.0,-52.0,-62.0,-66.0,-61.0,-68.0,2,15
-61.0,-55.0,-53.0,-61.0,-60.0,-61.0,-62.0,2,15
-62.0,-54.0,-53.0,-59.0,-62.0,-56.0,-56.0,2,15
-61.0,-53.0,-51.0,-61.0,-60.0,-59.0,-58.0,2,15
-62.0,-53.0,-53.0,-60.0,-62.0,-62.0,-60.0,2,15
-61.0,-55.0,-53.0,-60.0,-61.0,-60.0,-55.0,2,15
-61.0,-53.0,-51.0,-63.0,-63.0,-62.0,-58.0,2,15
-61.0,-54.0,-53.0,-58.0,-59.0,-65.0,-62.0,2,15
-61.0,-54.0,-54.0,-61.0,-59.0,-59.0,-56.0,2,15
-61.0,-54.0,-52.0,-56.0,-60.0,-59.0,-59.0,2,15
-57.0,-58.0,-52.0,-59.0,-58.0,-51.0,-60.0,3,15
-58.0,-57.0,-53.0,-51.0,-58.0,-55.0,-61.0,3,15
-59.0,-57.0,-52.0,-59.0,-58.0,-55.0,-61.0,3,15
-59.0,-58.0,-53.0,-59.0,-58.0,-49.0,-61.0,3,15
-58.0,-58.0,-53.0,-52.0,-56.0,-56.0,-59.0,3,15
-58.0,-58.0,-54.0,-59.0,-57.0,-55.0,-61.0,3,15
-58.0,-56.0,-53.0,-61.0,-57.0,-51.0,-61.0,3,15
-59.0,-56.0,-53.0,-52.0,-58.0,-55.0,-61.0,3,15
-58.0,-58.0,-53.0,-52.0,-58.0,-55.0,-61.0,3,15
-58.0,-57.0,-53.0,-60.0,-59.0,-55.0,-60.0,3,15
-58.0,-55.0,-53.0,-59.0,-58.0,-53.0,-61.0,3,15
-59.0,-58.0,-52.0,-58.0,-58.0,-55.0,-61.0,3,15
-58.0,-58.0,-53.0,-58.0,-58.0,-51.0,-60.0,3,15
-58.0,-58.0,-53.0,-52.0,-58.0,-55.0,-60.0,3,15
-58.0,-58.0,-52.0,-59.0,-58.0,-51.0,-61.0,3,15
-58.0,-58.0,-54.0,-61.0,-58.0,-55.0,-61.0,3,15
-62.0,-52.0,-52.0,-59.0,-54.0,-52.0,-52.0,4,15
-61.0,-55.0,-52.0,-60.0,-55.0,-52.0,-52.0,4,15
-61.0,-54.0,-52.0,-60.0,-55.0,-52.0,-50.0,4,15
-62.0,-54.0,-51.0,-60.0,-55.0,-52.0,-52.0,4,15
-61.0,-54.0,-53.0,-60.0,-54.0,-51.0,-49.0,4,15
-61.0,-54.0,-53.0,-60.0,-54.0,-52.0,-52.0,4,15
-61.0,-54.0,-54.0,-59.0,-54.0,-52.0,-52.0,4,15
-61.0,-54.0,-52.0,-59.0,-55.0,-52.0,-52.0,4,15
-61.0,-54.0,-53.0,-59.0,-56.0,-52.0,-51.0,4,15
-61.0,-55.0,-52.0,-59.0,-54.0,-53.0,-51.0,4,15
-61.0,-54.0,-52.0,-60.0,-55.0,-52.0,-52.0,4,15
-61.0,-54.0,-51.0,-60.0,-56.0,-52.0,-53.0,4,15
-61.0,-52.0,-53.0,-60.0,-55.0,-52.0,-52.0,4,15
-61.0,-54.0,-51.0,-60.0,-56.0,-52.0,-49.0,4,15
-61.0,-55.0,-53.0,-60.0,-55.0,-53.0,-51.0,4,15
-62.0,-54.0,-52.0,-60.0,-55.0,-52.0,-52.0,4,15
-62.0,-58.0,-48.0,-66.0,-57.0,-50.0,-55.0,5,15
-62.0,-58.0,-49.0,-66.0,-58.0,-51.0,-53.0,5,15
-63.0,-57.0,-50.0,-66.0,-58.0,-59.0,-55.0,5,15
-62.0,-58.0,-48.0,-66.0,-58.0,-57.0,-55.0,5,15
-62.0,-58.0,-51.0,-68.0,-58.0,-57.0,-54.0,5,15
-62.0,-58.0,-51.0,-67.0,-60.0,-51.0,-55.0,5,15
-62.0,-58.0,-50.0,-67.0,-59.0,-56.0,-55.0,5,15
-62.0,-58.0,-49.0,-66.0,-59.0,-57.0,-55.0,5,15
-63.0,-58.0,-50.0,-67.0,-59.0,-57.0,-54.0,5,15
-62.0,-58.0,-50.0,-67.0,-59.0,-50.0,-56.0,5,15
-62.0,-58.0,-47.0,-66.0,-60.0,-56.0,-55.0,5,15
-63.0,-57.0,-49.0,-67.0,-58.0,-57.0,-55.0,5,15
-62.0,-58.0,-50.0,-67.0,-56.0,-57.0,-56.0,5,15
-63.0,-58.0,-52.0,-67.0,-59.0,-57.0,-55.0,5,15
-63.0,-58.0,-52.0,-67.0,-59.0,-57.0,-55.0,5,15
-62.0,-58.0,-51.0,-67.0,-58.0,-51.0,-55.0,5,15
-63.0,-57.0,-54.0,-66.0,-57.0,-53.0,-59.0,6,15
-63.0,-57.0,-56.0,-64.0,-57.0,-52.0,-59.0,6,15
-62.0,-57.0,-55.0,-62.0,-57.0,-51.0,-59.0,6,15
-63.0,-58.0,-53.0,-64.0,-56.0,-53.0,-59.0,6,15
-63.0,-57.0,-56.0,-64.0,-55.0,-52.0,-60.0,6,15
-62.0,-56.0,-56.0,-65.0,-54.0,-55.0,-58.0,6,15
-62.0,-57.0,-54.0,-63.0,-55.0,-52.0,-59.0,6,15
-62.0,-58.0,-55.0,-63.0,-55.0,-54.0,-58.0,6,15
-63.0,-58.0,-56.0,-63.0,-55.0,-54.0,-58.0,6,15
-64.0,-58.0,-56.0,-64.0,-54.0,-54.0,-59.0,6,15
-62.0,-57.0,-55.0,-65.0,-56.0,-52.0,-58.0,6,15
-62.0,-57.0,-54.0,-64.0,-56.0,-51.0,-58.0,6,15
-63.0,-57.0,-55.0,-64.0,-57.0,-52.0,-59.0,6,15
-62.0,-57.0,-54.0,-64.0,-55.0,-52.0,-59.0,6,15
-62.0,-57.0,-53.0,-64.0,-56.0,-54.0,-59.0,6,15
-62.0,-57.0,-53.0,-63.0,-56.0,-51.0,-59.0,6,15
-63.0,-55.0,-52.0,-65.0,-63.0,-55.0,-52.0,1,16
-63.0,-56.0,-54.0,-63.0,-58.0,-55.0,-52.0,1,16
-63.0,-56.0,-54.0,-62.0,-59.0,-52.0,-53.0,1,16
-63.0,-57.0,-52.0,-62.0,-59.0,-55.0,-54.0,1,16
-63.0,-57.0,-52.0,-61.0,-61.0,-56.0,-51.0,1,16
-63.0,-57.0,-52.0,-65.0,-60.0,-54.0,-54.0,1,16
-63.0,-57.0,-54.0,-57.0,-60.0,-54.0,-53.0,1,16
-63.0,-57.0,-53.0,-60.0,-61.0,-52.0,-53.0,1,16
-63.0,-56.0,-54.0,-63.0,-61.0,-53.0,-50.0,1,16
-63.0,-59.0,-53.0,-61.0,-60.0,-52.0,-52.0,1,16
-62.0,-57.0,-51.0,-64.0,-60.0,-51.0,-52.0,1,16
-61.0,-56.0,-54.0,-67.0,-60.0,-52.0,-53.0,1,16
-61.0,-57.0,-53.0,-58.0,-61.0,-52.0,-50.0,1,16
-61.0,-56.0,-51.0,-63.0,-60.0,-54.0,-50.0,1,16
-61.0,-55.0,-53.0,-61.0,-56.0,-53.0,-54.0,1,16
-61.0,-55.0,-51.0,-66.0,-56.0,-53.0,-54.0,1,16
-57.0,-54.0,-55.0,-58.0,-62.0,-50.0,-57.0,2,16
-57.0,-57.0,-54.0,-50.0,-61.0,-54.0,-61.0,2,16
-57.0,-56.0,-56.0,-50.0,-60.0,-50.0,-61.0,2,16
-56.0,-57.0,-55.0,-50.0,-61.0,-56.0,-59.0,2,16
-57.0,-56.0,-53.0,-50.0,-62.0,-50.0,-59.0,2,16
-57.0,-57.0,-55.0,-58.0,-61.0,-56.0,-61.0,2,16
-57.0,-56.0,-55.0,-55.0,-59.0,-56.0,-59.0,2,16
-57.0,-58.0,-55.0,-57.0,-59.0,-57.0,-62.0,2,16
-57.0,-56.0,-55.0,-58.0,-60.0,-54.0,-63.0,2,16
-58.0,-56.0,-54.0,-58.0,-60.0,-56.0,-59.0,2,16
-57.0,-55.0,-55.0,-58.0,-61.0,-50.0,-59.0,2,16
-57.0,-56.0,-55.0,-58.0,-61.0,-54.0,-59.0,2,16
-57.0,-56.0,-55.0,-51.0,-61.0,-56.0,-59.0,2,16
-57.0,-57.0,-56.0,-51.0,-60.0,-55.0,-58.0,2,16
-57.0,-56.0,-53.0,-56.0,-61.0,-56.0,-60.0,2,16
-57.0,-56.0,-54.0,-50.0,-59.0,-53.0,-60.0,2,16
-59.0,-61.0,-57.0,-65.0,-55.0,-49.0,-57.0,3,16
-58.0,-60.0,-57.0,-66.0,-55.0,-49.0,-59.0,3,16
-61.0,-62.0,-55.0,-68.0,-55.0,-49.0,-59.0,3,16
-60.0,-61.0,-57.0,-65.0,-52.0,-49.0,-58.0,3,16
-61.0,-61.0,-57.0,-68.0,-55.0,-49.0,-58.0,3,16
-59.0,-62.0,-54.0,-65.0,-54.0,-49.0,-55.0,3,16
-59.0,-61.0,-57.0,-65.0,-53.0,-49.0,-58.0,3,16
-58.0,-62.0,-57.0,-66.0,-53.0,-49.0,-58.0,3,16
-59.0,-62.0,-52.0,-67.0,-51.0,-49.0,-58.0,3,16
-60.0,-62.0,-57.0,-65.0,-53.0,-49.0,-58.0,3,16
-59.0,-62.0,-57.0,-65.0,-53.0,-49.0,-58.0,3,16
-60.0,-62.0,-52.0,-66.0,-55.0,-49.0,-58.0,3,16
-60.0,-61.0,-57.0,-67.0,-55.0,-49.0,-55.0,3,16
-59.0,-62.0,-57.0,-65.0,-55.0,-48.0,-57.0,3,16
-60.0,-61.0,-57.0,-66.0,-54.0,-48.0,-58.0,3,16
-60.0,-61.0,-52.0,-65.0,-54.0,-49.0,-58.0,3,16
-58.0,-55.0,-49.0,-59.0,-55.0,-56.0,-56.0,4,16
-58.0,-55.0,-52.0,-59.0,-55.0,-55.0,-56.0,4,16
-58.0,-54.0,-51.0,-59.0,-55.0,-56.0,-56.0,4,16
-57.0,-55.0,-51.0,-59.0,-55.0,-56.0,-56.0,4,16
-58.0,-55.0,-50.0,-60.0,-57.0,-54.0,-57.0,4,16
-58.0,-55.0,-51.0,-60.0,-55.0,-56.0,-57.0,4,16
-58.0,-57.0,-51.0,-58.0,-54.0,-57.0,-56.0,4,16
-58.0,-56.0,-50.0,-59.0,-57.0,-57.0,-56.0,4,16
-58.0,-55.0,-50.0,-59.0,-55.0,-56.0,-56.0,4,16
-58.0,-57.0,-51.0,-60.0,-56.0,-53.0,-56.0,4,16
-58.0,-58.0,-51.0,-59.0,-54.0,-54.0,-56.0,4,16
-58.0,-55.0,-51.0,-60.0,-55.0,-57.0,-56.0,4,16
-59.0,-56.0,-51.0,-60.0,-55.0,-56.0,-56.0,4,16
-59.0,-55.0,-52.0,-60.0,-55.0,-53.0,-54.0,4,16
-58.0,-57.0,-51.0,-57.0,-56.0,-55.0,-54.0,4,16
-59.0,-56.0,-48.0,-59.0,-55.0,-55.0,-56.0,4,16
-58.0,-55.0,-57.0,-62.0,-52.0,-53.0,-52.0,5,16
-58.0,-55.0,-58.0,-60.0,-52.0,-54.0,-53.0,5,16
-58.0,-54.0,-57.0,-58.0,-52.0,-54.0,-53.0,5,16
-57.0,-53.0,-57.0,-61.0,-51.0,-54.0,-52.0,5,16
-58.0,-53.0,-58.0,-61.0,-51.0,-54.0,-53.0,5,16
-58.0,-50.0,-58.0,-61.0,-52.0,-54.0,-50.0,5,16
-58.0,-52.0,-57.0,-60.0,-51.0,-52.0,-53.0,5,16
-58.0,-56.0,-58.0,-60.0,-52.0,-52.0,-52.0,5,16
-58.0,-53.0,-59.0,-61.0,-51.0,-52.0,-52.0,5,16
-58.0,-54.0,-58.0,-61.0,-50.0,-54.0,-52.0,5,16
-58.0,-54.0,-59.0,-61.0,-52.0,-53.0,-52.0,5,16
-58.0,-53.0,-58.0,-60.0,-51.0,-52.0,-51.0,5,16
-58.0,-52.0,-58.0,-61.0,-52.0,-52.0,-52.0,5,16
-58.0,-55.0,-58.0,-61.0,-51.0,-53.0,-52.0,5,16
-58.0,-55.0,-58.0,-60.0,-52.0,-53.0,-50.0,5,16
-58.0,-54.0,-58.0,-61.0,-51.0,-54.0,-51.0,5,16
-60.0,-57.0,-57.0,-72.0,-55.0,-57.0,-60.0,6,16
-60.0,-58.0,-56.0,-70.0,-56.0,-58.0,-63.0,6,16
-59.0,-57.0,-57.0,-70.0,-56.0,-59.0,-60.0,6,16
-60.0,-57.0,-57.0,-71.0,-54.0,-58.0,-62.0,6,16
-59.0,-57.0,-56.0,-71.0,-56.0,-59.0,-63.0,6,16
-60.0,-57.0,-57.0,-71.0,-56.0,-58.0,-60.0,6,16
-59.0,-58.0,-56.0,-70.0,-56.0,-58.0,-60.0,6,16
-59.0,-59.0,-58.0,-69.0,-56.0,-58.0,-63.0,6,16
-58.0,-57.0,-55.0,-71.0,-56.0,-58.0,-62.0,6,16
-59.0,-57.0,-56.0,-71.0,-56.0,-54.0,-63.0,6,16
-58.0,-56.0,-55.0,-71.0,-54.0,-54.0,-63.0,6,16
-58.0,-59.0,-58.0,-71.0,-56.0,-58.0,-63.0,6,16
-56.0,-58.0,-57.0,-71.0,-56.0,-57.0,-63.0,6,16
-59.0,-58.0,-57.0,-69.0,-57.0,-58.0,-61.0,6,16
-59.0,-56.0,-57.0,-71.0,-57.0,-58.0,-63.0,6,16
-58.0,-57.0,-57.0,-70.0,-56.0,-58.0,-60.0,6,16
-60.0,-57.0,-50.0,-55.0,-57.0,-51.0,-48.0,1,17
-59.0,-57.0,-51.0,-54.0,-61.0,-50.0,-48.0,1,17
-57.0,-57.0,-50.0,-52.0,-59.0,-52.0,-48.0,1,17
-58.0,-58.0,-49.0,-55.0,-59.0,-49.0,-46.0,1,17
-60.0,-58.0,-49.0,-51.0,-60.0,-50.0,-45.0,1,17
-59.0,-58.0,-51.0,-55.0,-58.0,-51.0,-49.0,1,17
-59.0,-56.0,-51.0,-54.0,-59.0,-50.0,-46.0,1,17
-60.0,-59.0,-48.0,-52.0,-58.0,-52.0,-49.0,1,17
-57.0,-59.0,-50.0,-52.0,-59.0,-51.0,-48.0,1,17
-58.0,-56.0,-51.0,-52.0,-59.0,-51.0,-47.0,1,17
-59.0,-56.0,-51.0,-52.0,-59.0,-52.0,-47.0,1,17
-59.0,-58.0,-50.0,-54.0,-60.0,-50.0,-47.0,1,17
-59.0,-58.0,-51.0,-54.0,-61.0,-51.0,-48.0,1,17
-60.0,-57.0,-51.0,-52.0,-59.0,-52.0,-48.0,1,17
-59.0,-58.0,-50.0,-52.0,-60.0,-51.0,-47.0,1,17
-60.0,-57.0,-51.0,-55.0,-59.0,-50.0,-48.0,1,17
-62.0,-54.0,-51.0,-59.0,-57.0,-52.0,-57.0,2,17
-62.0,-55.0,-51.0,-59.0,-58.0,-52.0,-56.0,2,17
-62.0,-53.0,-54.0,-56.0,-57.0,-53.0,-55.0,2,17
-63.0,-53.0,-51.0,-58.0,-58.0,-52.0,-55.0,2,17
-63.0,-53.0,-53.0,-59.0,-58.0,-52.0,-54.0,2,17
-62.0,-53.0,-51.0,-58.0,-57.0,-52.0,-55.0,2,17
-63.0,-53.0,-54.0,-55.0,-58.0,-52.0,-55.0,2,17
-63.0,-53.0,-53.0,-56.0,-57.0,-52.0,-56.0,2,17
-63.0,-53.0,-52.0,-59.0,-58.0,-52.0,-55.0,2,17
-63.0,-53.0,-52.0,-55.0,-56.0,-53.0,-55.0,2,17
-62.0,-53.0,-53.0,-56.0,-57.0,-52.0,-54.0,2,17
-63.0,-53.0,-52.0,-58.0,-58.0,-52.0,-56.0,2,17
-63.0,-54.0,-51.0,-58.0,-59.0,-53.0,-58.0,2,17
-62.0,-52.0,-52.0,-57.0,-58.0,-53.0,-56.0,2,17
-63.0,-54.0,-53.0,-57.0,-59.0,-52.0,-55.0,2,17
-63.0,-54.0,-50.0,-54.0,-58.0,-52.0,-55.0,2,17
-61.0,-56.0,-47.0,-53.0,-57.0,-46.0,-62.0,3,17
-62.0,-56.0,-48.0,-55.0,-55.0,-47.0,-65.0,3,17
-62.0,-56.0,-47.0,-56.0,-57.0,-47.0,-67.0,3,17
-62.0,-56.0,-47.0,-55.0,-57.0,-47.0,-65.0,3,17
-62.0,-57.0,-47.0,-53.0,-56.0,-47.0,-65.0,3,17
-61.0,-56.0,-47.0,-55.0,-58.0,-45.0,-63.0,3,17
-61.0,-56.0,-47.0,-55.0,-58.0,-47.0,-65.0,3,17
-62.0,-56.0,-47.0,-55.0,-58.0,-48.0,-65.0,3,17
-61.0,-56.0,-48.0,-55.0,-57.0,-48.0,-65.0,3,17
-61.0,-56.0,-47.0,-56.0,-57.0,-47.0,-64.0,3,17
-62.0,-56.0,-47.0,-55.0,-58.0,-47.0,-63.0,3,17
-62.0,-57.0,-47.0,-55.0,-56.0,-47.0,-65.0,3,17
-62.0,-56.0,-45.0,-55.0,-56.0,-47.0,-65.0,3,17
-61.0,-56.0,-47.0,-56.0,-57.0,-46.0,-65.0,3,17
-62.0,-57.0,-47.0,-55.0,-54.0,-48.0,-64.0,3,17
-62.0,-56.0,-47.0,-55.0,-56.0,-47.0,-64.0,3,17
-59.0,-52.0,-59.0,-56.0,-52.0,-49.0,-62.0,4,17
-59.0,-53.0,-60.0,-56.0,-53.0,-49.0,-60.0,4,17
-59.0,-52.0,-59.0,-56.0,-55.0,-50.0,-62.0,4,17
-59.0,-52.0,-59.0,-57.0,-54.0,-49.0,-61.0,4,17
-58.0,-50.0,-60.0,-57.0,-53.0,-49.0,-61.0,4,17
-59.0,-52.0,-60.0,-56.0,-55.0,-49.0,-62.0,4,17
-59.0,-52.0,-58.0,-56.0,-54.0,-50.0,-61.0,4,17
-59.0,-53.0,-61.0,-58.0,-54.0,-49.0,-60.0,4,17
-59.0,-53.0,-60.0,-56.0,-54.0,-49.0,-61.0,4,17
-59.0,-52.0,-60.0,-57.0,-55.0,-49.0,-59.0,4,17
-58.0,-53.0,-59.0,-56.0,-53.0,-49.0,-62.0,4,17
-59.0,-51.0,-59.0,-57.0,-54.0,-49.0,-62.0,4,17
-59.0,-53.0,-60.0,-57.0,-55.0,-49.0,-62.0,4,17
-59.0,-53.0,-58.0,-56.0,-54.0,-49.0,-62.0,4,17
-59.0,-52.0,-61.0,-56.0,-54.0,-49.0,-61.0,4,17
-59.0,-52.0,-57.0,-59.0,-54.0,-49.0,-61.0,4,17
-60.0,-59.0,-59.0,-58.0,-53.0,-59.0,-57.0,5,17
-59.0,-58.0,-59.0,-58.0,-53.0,-59.0,-57.0,5,17
-59.0,-57.0,-59.0,-58.0,-53.0,-59.0,-58.0,5,17
-60.0,-60.0,-59.0,-56.0,-53.0,-58.0,-59.0,5,17
-60.0,-57.0,-58.0,-57.0,-50.0,-59.0,-54.0,5,17
-59.0,-59.0,-59.0,-58.0,-53.0,-61.0,-56.0,5,17
-59.0,-59.0,-59.0,-58.0,-53.0,-61.0,-56.0,5,17
-60.0,-59.0,-58.0,-58.0,-50.0,-59.0,-57.0,5,17
-59.0,-60.0,-59.0,-56.0,-53.0,-59.0,-57.0,5,17
-60.0,-58.0,-59.0,-56.0,-54.0,-59.0,-57.0,5,17
-59.0,-57.0,-58.0,-58.0,-52.0,-60.0,-57.0,5,17
-59.0,-57.0,-59.0,-58.0,-51.0,-60.0,-56.0,5,17
-59.0,-59.0,-59.0,-59.0,-52.0,-61.0,-56.0,5,17
-59.0,-57.0,-59.0,-58.0,-53.0,-59.0,-58.0,5,17
-60.0,-56.0,-59.0,-58.0,-53.0,-60.0,-56.0,5,17
-59.0,-57.0,-59.0,-58.0,-52.0,-59.0,-58.0,5,17
-57.0,-58.0,-49.0,-63.0,-64.0,-51.0,-62.0,6,17
-58.0,-58.0,-49.0,-63.0,-64.0,-51.0,-60.0,6,17
-55.0,-58.0,-49.0,-62.0,-64.0,-50.0,-61.0,6,17
-58.0,-59.0,-50.0,-63.0,-63.0,-50.0,-59.0,6,17
-56.0,-58.0,-49.0,-63.0,-62.0,-51.0,-61.0,6,17
-57.0,-57.0,-49.0,-63.0,-63.0,-50.0,-62.0,6,17
-58.0,-58.0,-48.0,-63.0,-60.0,-51.0,-61.0,6,17
-58.0,-58.0,-49.0,-63.0,-63.0,-52.0,-61.0,6,17
-58.0,-58.0,-48.0,-62.0,-62.0,-52.0,-63.0,6,17
-58.0,-58.0,-49.0,-63.0,-63.0,-50.0,-62.0,6,17
-55.0,-59.0,-49.0,-62.0,-62.0,-52.0,-62.0,6,17
-57.0,-56.0,-49.0,-63.0,-64.0,-52.0,-62.0,6,17
-58.0,-58.0,-49.0,-63.0,-62.0,-52.0,-60.0,6,17
-58.0,-56.0,-49.0,-63.0,-64.0,-49.0,-61.0,6,17
-58.0,-58.0,-48.0,-63.0,-64.0,-50.0,-61.0,6,17
-58.0,-59.0,-49.0,-63.0,-64.0,-52.0,-61.0,6,17
